Title,Text,Username,Date,Source
"[⛔] Caso Ferragni-Balocco È più di un mese che si parla della Ferragni, molto meno della Balocco. Al di là delle truffe, da un punto di vista prettamente MARKETING, secondo voi la Balocco ha sbagliato in qualcosa?",👍,Aphex,2024-04-02 00:00:00,Quora
"[⛔] Caso Ferragni-Balocco È più di un mese che si parla della Ferragni, molto meno della Balocco. Al di là delle truffe, da un punto di vista prettamente MARKETING, secondo voi la Balocco ha sbagliato in qualcosa?","Hanno sbagliato entrambi, ma non più di tanto secondo me. Quelli che vendono le creme antirughe allora? La pubblicità è un inganno per definizione",Gioia Segni,2024-01-15 00:00:00,Quora
"[⛔] Caso Ferragni-Balocco È più di un mese che si parla della Ferragni, molto meno della Balocco. Al di là delle truffe, da un punto di vista prettamente MARKETING, secondo voi la Balocco ha sbagliato in qualcosa?","Ferragni ha avuto un tracollo. Balocco ha avuto una pubblicità grandiosa. Mentre ferragni ha tradito i suoi stessi ""seguaci"" non si fa altro che parlare di balocco, azienda da cui nessuno si aspettava nulla. Quando questa faccenda sarà dimenticata credo che ferragni sarà dimenticata mentre balocco la ricorderanno tutti. Per l'azienda dei panettoni credo che valga il detto; ""in bene o in male, purché se ne parli"". Mentre Ferragni ha ormai perso di credibilità e nessuno crederà mai più a una raccolta fondi fatta da lei",Luigi Salvati,2024-01-20 00:00:00,Quora
"[⛔] Caso Ferragni-Balocco È più di un mese che si parla della Ferragni, molto meno della Balocco. Al di là delle truffe, da un punto di vista prettamente MARKETING, secondo voi la Balocco ha sbagliato in qualcosa?",🤍,Antonella Minghetti,2024-01-21 00:00:00,Quora
"[⛔] Caso Ferragni-Balocco È più di un mese che si parla della Ferragni, molto meno della Balocco. Al di là delle truffe, da un punto di vista prettamente MARKETING, secondo voi la Balocco ha sbagliato in qualcosa?","Si, confondersi con la Ferragni, bastava nonno e nopote",Paolo Pezzola,2024-01-23 00:00:00,Quora
"[⛔] Caso Ferragni-Balocco È più di un mese che si parla della Ferragni, molto meno della Balocco. Al di là delle truffe, da un punto di vista prettamente MARKETING, secondo voi la Balocco ha sbagliato in qualcosa?",💛,Pietro Del Buono,2024-01-15 00:00:00,Quora
"[⛔] Caso Ferragni-Balocco È più di un mese che si parla della Ferragni, molto meno della Balocco. Al di là delle truffe, da un punto di vista prettamente MARKETING, secondo voi la Balocco ha sbagliato in qualcosa?","Palese, con uno slogan assieme alla Ferragni e che i soldi andassero in beneficienza per aiutare i bambini affetti di tumori ma li aveva già donati mesi prima. Per questo motivo voleva aumentare le vendite dei pandori per trarne profitto e ingannare i consumatori.",Vincenzo Napolitano,2024-01-15 00:00:00,Quora
"[⛔] Caso Ferragni-Balocco È più di un mese che si parla della Ferragni, molto meno della Balocco. Al di là delle truffe, da un punto di vista prettamente MARKETING, secondo voi la Balocco ha sbagliato in qualcosa?","Uno si sforza di vendere il prodotto, semmai anche in maniera furbesca, ingannevole, e può attendersi di trovarsi contro l'impresa concorrente, o la rivista che non ha ottenuto la tua pubblicità, o una qualche rivista di gusto, l'associazione dei consumatori, finanche la",Girolamo Arciuolo,2024-01-14 00:00:00,Quora
"[⛔] Caso Ferragni-Balocco È più di un mese che si parla della Ferragni, molto meno della Balocco. Al di là delle truffe, da un punto di vista prettamente MARKETING, secondo voi la Balocco ha sbagliato in qualcosa?",Facessero i CAZZI loro.Le indagini le stanno facendo i politici che rubano.,Caccoloso 50,2024-02-24 00:00:00,Quora
Come è cambiata la tua vita appena hai saputo della separazione fra Fedez e la Ferragni?,Fa abbastanza ridere (ironico).,Stef,2024-02-24 00:00:00,Quora
Come è cambiata la tua vita appena hai saputo della separazione fra Fedez e la Ferragni?,"Non lo sapevo! Perché me l'hai detto, adesso come farò a continuare a vivere 😥?",Laura D.S.,2024-02-24 00:00:00,Quora
Come è cambiata la tua vita appena hai saputo della separazione fra Fedez e la Ferragni?,☀️,Lilli,2024-02-24 00:00:00,Quora
Come è cambiata la tua vita appena hai saputo della separazione fra Fedez e la Ferragni?,👏,Luca Tartaro,2024-02-26 00:00:00,Quora
Come è cambiata la tua vita appena hai saputo della separazione fra Fedez e la Ferragni?,🤎,Shiru Fukō,2024-03-14 00:00:00,Quora
Come è cambiata la tua vita appena hai saputo della separazione fra Fedez e la Ferragni?,Capiscimi. Al di sotto non ce la faccio a turbarmi.,Marina Wiesendanger,2024-02-24 00:00:00,Quora
Come è cambiata la tua vita appena hai saputo della separazione fra Fedez e la Ferragni?,"Eh, sto andando in analisi. Non dormo più, sono iperteso, soffro di attacchi di panico. Insomma per me è stata una vera tragedia😪.",Lovoh Glionellanoh,2024-02-24 00:00:00,Quora
Come è cambiata la tua vita appena hai saputo della separazione fra Fedez e la Ferragni?,Profondi sconvolgimenti esistenziali hanno segnato la mia vita che ora inesorabilmente è destinata alla perdizione e a un epilogo infausto.,Ricky,2024-02-24 00:00:00,Quora
Come è cambiata la tua vita appena hai saputo della separazione fra Fedez e la Ferragni?,"Appena scoprirò chi sono, mi renderò conto che tutta la mia vita fino ad ora é stata una menzogna.",Tatamor,2024-02-24 00:00:00,Quora
Come è cambiata la tua vita appena hai saputo della separazione fra Fedez e la Ferragni?,Si muove perché c'è corrente ma è totalmente passiva.,Morris,2024-02-25 00:00:00,Quora
Come è cambiata la tua vita appena hai saputo della separazione fra Fedez e la Ferragni?,Perché? Si sono separati?,Mariaerica D'Adderio,2024-03-05 00:00:00,Quora
Come è cambiata la tua vita appena hai saputo della separazione fra Fedez e la Ferragni?,Bah…,Gioia,2024-02-25 00:00:00,Quora
Come è cambiata la tua vita appena hai saputo della separazione fra Fedez e la Ferragni?,In nessunissimo modo!,Marina la Divina,2024-02-24 00:00:00,Quora
Come è cambiata la tua vita appena hai saputo della separazione fra Fedez e la Ferragni?,Ma vai a c….,Sierra Victor,2024-02-24 00:00:00,Quora
Come è cambiata la tua vita appena hai saputo della separazione fra Fedez e la Ferragni?,👍,Giovanni Dal Mas,2024-02-26 00:00:00,Quora
Come è cambiata la tua vita appena hai saputo della separazione fra Fedez e la Ferragni?,Adoro il profumo della mia preveggenza la mattina.,Francesco J. Galvani,2024-02-24 00:00:00,Quora
Come è cambiata la tua vita appena hai saputo della separazione fra Fedez e la Ferragni?,❌,Suplex City,2024-02-26 00:00:00,Quora
Come è cambiata la tua vita appena hai saputo della separazione fra Fedez e la Ferragni?,🖤,Miss P,2024-02-25 00:00:00,Quora
Come è cambiata la tua vita appena hai saputo della separazione fra Fedez e la Ferragni?,Nulla non mi interessa,Armonia Birichino,2024-02-24 00:00:00,Quora
Come è cambiata la tua vita appena hai saputo della separazione fra Fedez e la Ferragni?,"Sarebbe ora che mandassero avanti modelli seri di vita, non se ne può più di gente spocchiosa che guadagna solo mercificando se stessa!",Elisa,2024-02-24 00:00:00,Quora
Come è cambiata la tua vita appena hai saputo della separazione fra Fedez e la Ferragni?,"So che non succedera mai, ma augurare loro di fare una vita difficile, ingiusta e autentica non è reato.",Marco Perin,2024-02-25 00:00:00,Quora
Come è cambiata la tua vita appena hai saputo della separazione fra Fedez e la Ferragni?,Uuuhhh! Piango! Non dormo più la notte! Mi strappo i capelli! Mi do pugni in testa! Perché? Perché? Perché? 😫😫😫😭😭😭,Antonio Callari,2024-02-24 00:00:00,Quora
Come è cambiata la tua vita appena hai saputo della separazione fra Fedez e la Ferragni?,"Male, molto male!! Sono giorni che non dormo e non mangio, morirò di stenti. Sono davvero disperato, mi sto strappando tutti i capelli……no…..cioè… va beh….se avessi i capelli me li strapperei.",Carlo Vianelli,2024-02-26 00:00:00,Quora
Come è cambiata la tua vita appena hai saputo della separazione fra Fedez e la Ferragni?,"Ho pensato che hanno dei figli piccoli e che dovranno crescere al meglio, quindi il primo pensiero dovrà essere rivolto a loro.",Rachele Carli,2024-02-25 00:00:00,Quora
Come è cambiata la tua vita appena hai saputo della separazione fra Fedez e la Ferragni?,Ho avuto attacchi di angoscia tutto il giorno….😭🤣🤣🤣🤣….,Anna Civitelli,2024-02-24 00:00:00,Quora
Come è cambiata la tua vita appena hai saputo della separazione fra Fedez e la Ferragni?,mi dispiace solo dei bambini,Gin Lemon,2024-02-24 00:00:00,Quora
Come è cambiata la tua vita appena hai saputo della separazione fra Fedez e la Ferragni?,❤️‍🩹,Tiziana Scosta,2024-02-24 00:00:00,Quora
Come è cambiata la tua vita appena hai saputo della separazione fra Fedez e la Ferragni?,Ho spento la tv,Grazia Levi,2024-02-24 00:00:00,Quora
Come è cambiata la tua vita appena hai saputo della separazione fra Fedez e la Ferragni?,Soprattutto si dovrebbe evitare di rendere famose persone che non hanno nessun tipo di talento.,MariaEle,2024-02-24 00:00:00,Quora
Come è cambiata la tua vita appena hai saputo della separazione fra Fedez e la Ferragni?,Mi dispiace per loro come per tutte le famiglie che si rompono,Giuseppe Luciani,2024-02-24 00:00:00,Quora
Come è cambiata la tua vita appena hai saputo della separazione fra Fedez e la Ferragni?,Mangio come al solito e non vedo tv.,Redman,2024-02-24 00:00:00,Quora
Come è cambiata la tua vita appena hai saputo della separazione fra Fedez e la Ferragni?,"Non dipende dai gossip, la mia vita è uguale",Lucia Gallo,2024-02-24 00:00:00,Quora
Come è cambiata la tua vita appena hai saputo della separazione fra Fedez e la Ferragni?,Ho pianto per giorni come un coccodrillo…e quando ci penso mi capita ancora.,Oliviero Zanardi,2024-02-24 00:00:00,Quora
Come è cambiata la tua vita appena hai saputo della separazione fra Fedez e la Ferragni?,"Sto crcando di capire il motivo di tanta partecipazione da parte delle persone. Quale il motivo di tante parole dure contro di loro. Ho trovato ogni risposta. Se la sono cercata. Costruita e cercata. Hanno costruito la loro notorietà sul farsi vedere in ogni momento,in ogni occasione. Hanno imbrogliato tutti. Guadagnato a spese di quanti idioti hanno creato dipendenza verso ogni loro azione. E questi due,come altri costruiti esclusivamente sull'apparie,ora chiedono silenzio e rispetto. Ora. Mentre imbrogliavano,deridevano,coinvolgevano,esternavano,manipolavano. No. Prima sì,adesso no. La notor",CORRADO GORLA,2024-02-24 00:00:00,Quora
Come è cambiata la tua vita appena hai saputo della separazione fra Fedez e la Ferragni?,"Non dormo più la notte,sono disperata,ho chiamato il mio psichiatra…mi ha detto di farmene una ragione che non è colpa mia…mha…non mi è stato molto d'aiuto…",Eleonora Bellotti,2024-02-24 00:00:00,Quora
Come è cambiata la tua vita appena hai saputo della separazione fra Fedez e la Ferragni?,"Mah, la mia vita scorre come sempre, la Terra continua a girare, l'interstadiale continua a fare il suo corso e Betelgeuse ancora non è diventata una supernova.",Alice,2024-02-24 00:00:00,Quora
Come è cambiata la tua vita appena hai saputo della separazione fra Fedez e la Ferragni?,"Per dirlo in termini aulici, non me ne fotte un cazzo",Floriana,2024-02-24 00:00:00,Quora
Come è cambiata la tua vita appena hai saputo della separazione fra Fedez e la Ferragni?,"Ooh, ci sono rimasto talmente male…Scusa ero distratto, separazione di chi…?!?",Giovanni Daminato,2024-02-25 00:00:00,Quora
Come è cambiata la tua vita appena hai saputo della separazione fra Fedez e la Ferragni?,è tutta una schifosa messa in scena per distogliere l’attenzione dallo scandalo avvenuto e allo stesso tempo suscitare empatia nei loro confronti con l’obbiettivo di recuperare l’immagine. Tra un po di tempo faranno vedere che si sono rimessi,Daniel Costa,2024-02-25 00:00:00,Quora
Come è cambiata la tua vita appena hai saputo della separazione fra Fedez e la Ferragni?,Appena l'ho saputo sono andato a vedere se la luce del frigorifero funzionava ancora e ho controllato la pressione della ruota della carriola. Tutto in ordine per fortuna😌,Lucio Roncola,2024-02-25 00:00:00,Quora
Come è cambiata la tua vita appena hai saputo della separazione fra Fedez e la Ferragni?,A nessuno frega nulla. La vita è cambiata solo ai loro figli.,ɳҽƚ✵,2024-02-25 00:00:00,Quora
Come è cambiata la tua vita appena hai saputo della separazione fra Fedez e la Ferragni?,"Una vera tragedia, non solo per me ma per tutta l'umanità. A proposito. Chi sono?",Nino Morciano,2024-02-25 00:00:00,Quora
Come è cambiata la tua vita appena hai saputo della separazione fra Fedez e la Ferragni?,"Agonizzante passo dal divano al letto, dal letto al divano…piangendo disperatamente.",Nontelodico,2024-02-25 00:00:00,Quora
Come è cambiata la tua vita appena hai saputo della separazione fra Fedez e la Ferragni?,Serve un matematico specializzato nel calcolo infinitesimale per calcolare il cazzo che me ne frega!,Edoardo Fazio,2024-02-25 00:00:00,Quora
Come è cambiata la tua vita appena hai saputo della separazione fra Fedez e la Ferragni?,Ho stappato un TAVERNELLO e mi sono fatto una PIPPA guardando le foto della Ferragni nuda,Emilio Toscano,2024-02-26 00:00:00,Quora
Come è cambiata la tua vita appena hai saputo della separazione fra Fedez e la Ferragni?,Sono scioccato ! non mangio di notte e non dormo di giorno 🤣,Maurizio Ferrari,2024-02-26 00:00:00,Quora
Come è cambiata la tua vita appena hai saputo della separazione fra Fedez e la Ferragni?,"una disperazione davvero, non so se riesco ad andare avanti, cioè proprio mi strazia il cuore, non avrei mai pensato….vabbè seriamente, ma sti cazzi!!!",Andrea S.,2024-02-26 00:00:00,Quora
Come è cambiata la tua vita appena hai saputo della separazione fra Fedez e la Ferragni?,"Guarda, sono sprofondata nel baratro infernale della più nera disperazione!!! Orrido orror di un'orridezza orrenda!",Tiziana Fina,2024-02-26 00:00:00,Quora
Come è cambiata la tua vita appena hai saputo della separazione fra Fedez e la Ferragni?,"In nessun modo..erano destinati a lasciarsi, come tutte le star che dopo l'apoteosi della fama ricevono un contraccolpo di forza uguale e contraria da chi ha sempre avuto grande antipatia per loro.",Tu sei Qui,2024-03-03 00:00:00,Quora
Come è cambiata la tua vita appena hai saputo della separazione fra Fedez e la Ferragni?,non mi interessa niente di questo,Adriano Franca Tassell,2024-03-02 00:00:00,Quora
Come è cambiata la tua vita appena hai saputo della separazione fra Fedez e la Ferragni?,"Non è cambiata di una virgola, in grazia di Dio. Ma chi se ne frega.",The Flame,2024-03-10 00:00:00,Quora
Come è cambiata la tua vita appena hai saputo della separazione fra Fedez e la Ferragni?,"Ovviamente nulla, però dispiace sempre vedere una coppia che si separa",Dante Paperinosky,2024-02-24 00:00:00,Quora
Cosa ne pensate della truffa dei panettoni di chiara ferragni?,"Che si dovrebbe vergognare, proprio vero che più soldi hanno e più sono avidi… Dipendesse da me lei e l'altro fenomeno di suo marito ,"" non batterebbero chiodo "" !",Vespa 125 Et3 .,2023-12-16 00:00:00,Quora
Cosa ne pensate della truffa dei panettoni di chiara ferragni?,Dopo la storia del pandoro i Ferragnez saranno ancora più amati dai piddioti. Non dimentichiamoci che hanno il cervello capovolto. 😸😸😸,Gatto Magico,2023-12-22 00:00:00,Quora
Cosa ne pensate della truffa dei panettoni di chiara ferragni?,"Che sia lei che suo marito sono due ottimi esempi e rappresentanti della sinistra arcobaleno ed al caviale dei giorni nostri, in quanto si tratta di gente: falsa, ipocrita, moralista, arrogante, altezzosa, spocchiosa, venduta, bugiarda, maligna, meschina, truffaldina, e piena di soldi (dei radical shït appunto, quindi tra il peggio del peggio in assoluto che la società moderna offre)",Piggod,2024-02-05 00:00:00,Quora
Cosa ne pensate della truffa dei panettoni di chiara ferragni?|Cosa ne pensate della truffa dei panettoni di chiara ferragni?|Cosa ne pensate della truffa dei panettoni di chiara ferragni?|Cosa ne pensate della truffa dei panettoni di chiara ferragni?|Cosa ne pensate della truffa dei panettoni di chiara ferragni?|Cosa ne pensate della truffa dei panettoni di chiara ferragni?,☀️,Ermanno P,2023-12-23 00:00:00,Quora
Cosa ne pensate della truffa dei panettoni di chiara ferragni?,Che siamo al tracollo se quelli che hanno comprato il panettone della suddetta non lo abbiano fatto dopo una spietata rottura di palle da parte della o del figlio che va da 8 ai 12/13 anni e che invece lo hanno comprato di propria sponte pensando anche di fare beneficenza con l'acquisto di un prodotto dolciario anche scadente,Federico,2023-12-18 00:00:00,Quora
Cosa ne pensate della truffa dei panettoni di chiara ferragni?|Cosa ne pensate della truffa dei panettoni di chiara ferragni?|Cosa ne pensate della truffa dei panettoni di chiara ferragni?|Cosa ne pensate della truffa dei panettoni di chiara ferragni?|Cosa ne pensate della truffa dei panettoni di chiara ferragni?|Cosa ne pensate della truffa dei panettoni di chiara ferragni?|Cosa ne pensate della truffa dei panettoni di chiara ferragni?|Cosa ne pensate della truffa dei panettoni di chiara ferragni?|Cosa ne pensate della truffa dei panettoni di chiara ferragni?|Cosa ne pensate della truffa dei panettoni di chiara ferragni?|Cosa ne pensate della truffa dei panettoni di chiara ferragni?|Cosa ne pensate della truffa dei panettoni di chiara ferragni?|Cosa ne pensate della truffa dei panettoni di chiara ferragni?|Cosa ne pensate della truffa dei panettoni di chiara ferragni?|Cosa ne pensate della truffa dei panettoni di chiara ferragni?|Cosa ne pensate della truffa dei panettoni di chiara ferragni?|Cosa ne pensate della truffa dei panettoni di chiara ferragni?|Cosa ne pensate della truffa dei panettoni di chiara ferragni?|Cosa ne pensate della truffa dei panettoni di chiara ferragni?|Cosa ne pensate della truffa dei panettoni di chiara ferragni?,☀️,Francesco J. Galvani,2023-12-18 00:00:00,Quora
Cosa ne pensate della truffa dei panettoni di chiara ferragni?|Cosa ne pensate della truffa dei panettoni di chiara ferragni?|Cosa ne pensate della truffa dei panettoni di chiara ferragni?|Cosa ne pensate della truffa dei panettoni di chiara ferragni?|Cosa ne pensate della truffa dei panettoni di chiara ferragni?|Cosa ne pensate della truffa dei panettoni di chiara ferragni?|Cosa ne pensate della truffa dei panettoni di chiara ferragni?|Cosa ne pensate della truffa dei panettoni di chiara ferragni?,Adesso la storia,Giuseppe Vincenzi,2023-12-19 00:00:00,Quora
Cosa ne pensate della truffa dei panettoni di chiara ferragni?,"Tutte le risposte sono di gente che si scaglia contro questa coppia e le loro performance. Ma allora, io mi chiedo, dove sono i milioni di persone che si sono fatti ""influenzare"" da questi personaggi e che quindi hanno creato la loro fortuna? Vorrei proprio sentire il loro parere.",Francesco Odetti,2023-12-20 00:00:00,Quora
Cosa ne pensate della truffa dei panettoni di chiara ferragni?|Cosa ne pensate della truffa dei panettoni di chiara ferragni?|Cosa ne pensate della truffa dei panettoni di chiara ferragni?|Cosa ne pensate della truffa dei panettoni di chiara ferragni?|Cosa ne pensate della truffa dei panettoni di chiara ferragni?|Cosa ne pensate della truffa dei panettoni di chiara ferragni?|Cosa ne pensate della truffa dei panettoni di chiara ferragni?|Cosa ne pensate della truffa dei panettoni di chiara ferragni?,❣️,Claudio Artesi,2023-12-16 00:00:00,Quora
Cosa ne pensate della truffa dei panettoni di chiara ferragni?|Cosa ne pensate della truffa dei panettoni di chiara ferragni?|Cosa ne pensate della truffa dei panettoni di chiara ferragni?,🤎,Enrico Strozzi,2023-12-26 00:00:00,Quora
Cosa ne pensate della truffa dei panettoni di chiara ferragni?,😤,Lara Croft,2023-12-17 00:00:00,Quora
Cosa ne pensate della truffa dei panettoni di chiara ferragni?|Cosa ne pensate della truffa dei panettoni di chiara ferragni?|Cosa ne pensate della truffa dei panettoni di chiara ferragni?|Cosa ne pensate della truffa dei panettoni di chiara ferragni?|Cosa ne pensate della truffa dei panettoni di chiara ferragni?|Cosa ne pensate della truffa dei panettoni di chiara ferragni?|Cosa ne pensate della truffa dei panettoni di chiara ferragni?|Cosa ne pensate della truffa dei panettoni di chiara ferragni?|Cosa ne pensate della truffa dei panettoni di chiara ferragni?|Cosa ne pensate della truffa dei panettoni di chiara ferragni?|Cosa ne pensate della truffa dei panettoni di chiara ferragni?|Cosa ne pensate della truffa dei panettoni di chiara ferragni?|Cosa ne pensate della truffa dei panettoni di chiara ferragni?|Cosa ne pensate della truffa dei panettoni di chiara ferragni?|Cosa ne pensate della truffa dei panettoni di chiara ferragni?,👏,Narciso,2023-12-17 00:00:00,Quora
Cosa ne pensate della truffa dei panettoni di chiara ferragni?|Cosa ne pensate della truffa dei panettoni di chiara ferragni?|Cosa ne pensate della truffa dei panettoni di chiara ferragni?|Cosa ne pensate della truffa dei panettoni di chiara ferragni?,"È giustissimo che paghino, eccome!",Stef,2023-12-18 00:00:00,Quora
Cosa ne pensate della truffa dei panettoni di chiara ferragni?|Cosa ne pensate della truffa dei panettoni di chiara ferragni?|Cosa ne pensate della truffa dei panettoni di chiara ferragni?,❣️,Andrea Martucci,2023-12-16 00:00:00,Quora
Cosa ne pensate della truffa dei panettoni di chiara ferragni?,🤬,Annalisa C,2023-12-19 00:00:00,Quora
Cosa ne pensate della truffa dei panettoni di chiara ferragni?|Cosa ne pensate della truffa dei panettoni di chiara ferragni?|Cosa ne pensate della truffa dei panettoni di chiara ferragni?|Cosa ne pensate della truffa dei panettoni di chiara ferragni?|Cosa ne pensate della truffa dei panettoni di chiara ferragni?,💔,Elisa,2023-12-16 00:00:00,Quora
Cosa ne pensate della truffa dei panettoni di chiara ferragni?|Cosa ne pensate della truffa dei panettoni di chiara ferragni?,"No di certo, e dovreste proprio piantarla di idolatrare quella lì.",Deny,2023-12-17 00:00:00,Quora
Cosa ne pensate della truffa dei panettoni di chiara ferragni?|Cosa ne pensate della truffa dei panettoni di chiara ferragni?|Cosa ne pensate della truffa dei panettoni di chiara ferragni?|Cosa ne pensate della truffa dei panettoni di chiara ferragni?|Cosa ne pensate della truffa dei panettoni di chiara ferragni?|Cosa ne pensate della truffa dei panettoni di chiara ferragni?|Cosa ne pensate della truffa dei panettoni di chiara ferragni?|Cosa ne pensate della truffa dei panettoni di chiara ferragni?|Cosa ne pensate della truffa dei panettoni di chiara ferragni?|Cosa ne pensate della truffa dei panettoni di chiara ferragni?|Cosa ne pensate della truffa dei panettoni di chiara ferragni?|Cosa ne pensate della truffa dei panettoni di chiara ferragni?|Cosa ne pensate della truffa dei panettoni di chiara ferragni?|Cosa ne pensate della truffa dei panettoni di chiara ferragni?|Cosa ne pensate della truffa dei panettoni di chiara ferragni?|Cosa ne pensate della truffa dei panettoni di chiara ferragni?|Cosa ne pensate della truffa dei panettoni di chiara ferragni?|Cosa ne pensate della truffa dei panettoni di chiara ferragni?|Cosa ne pensate della truffa dei panettoni di chiara ferragni?|Cosa ne pensate della truffa dei panettoni di chiara ferragni?|Cosa ne pensate della truffa dei panettoni di chiara ferragni?,"La funzione|dell'Antitrust|, che ha multato entrambe le parti, è garantire la|libera concorrenza|e assicurare che tutte le realtà presenti sul mercato abbiano pari opportunità di arricchirsi o di raccogliere fondi,|anche nel caso di enti benefici|senza scopo di lucro.|In sintesi|, il garante della libera concorrenza",Shiru Fukō|Shiru Fukō,2024-02-11 00:00:00,Quora
Cosa ne pensate della truffa dei panettoni di chiara ferragni?|Cosa ne pensate della truffa dei panettoni di chiara ferragni?,"Bella e molto intelligente. Non capisco, perché non la seguo, quanto ci sia di istintivo e quanto di programmato. Non capisco chi la contesta. Guadagna da quelli che decidono di farla guadagnare e niente da quelli come me che non la seguono e non comprano i prodotti da lei pubblicizzati. Come in tutti i casi di arricchimento del genere, sono i suoi seguaci a farla ricca.",Emilio De Cesare,2024-02-12 00:00:00,Quora
Cosa ne pensate della truffa dei panettoni di chiara ferragni?|Cosa ne pensate della truffa dei panettoni di chiara ferragni?|Cosa ne pensate della truffa dei panettoni di chiara ferragni?|Cosa ne pensate della truffa dei panettoni di chiara ferragni?|Cosa ne pensate della truffa dei panettoni di chiara ferragni?|Cosa ne pensate della truffa dei panettoni di chiara ferragni?|Cosa ne pensate della truffa dei panettoni di chiara ferragni?|Cosa ne pensate della truffa dei panettoni di chiara ferragni?,"Scusa,,,,,,devo andare in bagno.|Dalle merde non si e' mai sollevato del profumo.|Niente più",AMSICORA|Roberto Merlini|Marco Cattaneo,2024-01-21 10:52:11,Quora
Cosa ne pensate della truffa dei panettoni di chiara ferragni?|Cosa ne pensate della truffa dei panettoni di chiara ferragni?|Cosa ne pensate della truffa dei panettoni di chiara ferragni?,😁😁😁,Lorenza Ravagni,2024-02-16 18:53:34,Quora
Cosa ne pensate della truffa dei panettoni di chiara ferragni?|Cosa ne pensate della truffa dei panettoni di chiara ferragni?|Cosa ne pensate della truffa dei panettoni di chiara ferragni?|Cosa ne pensate della truffa dei panettoni di chiara ferragni?|Cosa ne pensate della truffa dei panettoni di chiara ferragni?|Cosa ne pensate della truffa dei panettoni di chiara ferragni?|Cosa ne pensate della truffa dei panettoni di chiara ferragni?|Cosa ne pensate della truffa dei panettoni di chiara ferragni?|Cosa ne pensate della truffa dei panettoni di chiara ferragni?,"Il balletto dei milioni. Ogni giorno siamo bombardati da un'infinità di Onlus che chiedono soldi per perorare le loro cause, chiedono donazioni, lasciti e ora anche donazioni permanenti e ripetitive, senza che mai abbia visto cosa in realtà facciano queste Onlus, dove e come spendano i soldi e i lasciti raccolti. Non ho mai visto pubblicato nessun bilancio che dia un'indicazione, perlomeno una traccia del loro operato. Solo una di queste Onlus lo fa e da parecchi anni: la chiesa Valdese pubblica ogni anno il bilancio dettagliato della sua attività sociale, a cui va il mio plauso, anche se non|Spero vivamente che sia la giusta fine di un personaggio ipocrita e vergognoso che ha cavalcato finora il successo regalatogli dalle menti semplici delle masse più ignoranti e primitive. Guarda caso proprio il tipico esercito belante in cui affondava le sue mani il PD.|Poi, si fregiano di raccontare che fanno beneficienza dimenticando che dare le briciole e vantarsene non è beneficienza",Guido Forna|Roberto Merlini|Asso DI Bastoni,2024-03-04 13:42:25,Quora
Cosa ne pensate della truffa dei panettoni di chiara ferragni?|Cosa ne pensate della truffa dei panettoni di chiara ferragni?|Cosa ne pensate della truffa dei panettoni di chiara ferragni?|Cosa ne pensate della truffa dei panettoni di chiara ferragni?|Cosa ne pensate della truffa dei panettoni di chiara ferragni?|Cosa ne pensate della truffa dei panettoni di chiara ferragni?|Cosa ne pensate della truffa dei panettoni di chiara ferragni?|Cosa ne pensate della truffa dei panettoni di chiara ferragni?|Cosa ne pensate della truffa dei panettoni di chiara ferragni?|Cosa ne pensate della truffa dei panettoni di chiara ferragni?,Chiara Ferragni - Wikipedia||,B3t,2023-12-17 00:00:00,Quora
Cosa ne pensate della truffa dei panettoni di chiara ferragni?|Cosa ne pensate della truffa dei panettoni di chiara ferragni?|Cosa ne pensate della truffa dei panettoni di chiara ferragni?|Cosa ne pensate della truffa dei panettoni di chiara ferragni?|Cosa ne pensate della truffa dei panettoni di chiara ferragni?|Cosa ne pensate della truffa dei panettoni di chiara ferragni?|Cosa ne pensate della truffa dei panettoni di chiara ferragni?|Cosa ne pensate della truffa dei panettoni di chiara ferragni?|Cosa ne pensate della truffa dei panettoni di chiara ferragni?|Cosa ne pensate della truffa dei panettoni di chiara ferragni?|Cosa ne pensate della truffa dei panettoni di chiara ferragni?,"Pensi che sia spontaneo , ed invece …….|Penso che stavolta la pagheranno cara queste tute le producono loro per mettere insieme il milione?|Una tuta non può costare 600 euro poi grigia almeno fosse intarsiata in oro",Edoardo M.|Enrichetta Iannone|Giovanni Zucchetti,2024-01-20 05:00:31,Quora
Cosa ne pensate della truffa dei panettoni di chiara ferragni?|Cosa ne pensate della truffa dei panettoni di chiara ferragni?|Cosa ne pensate della truffa dei panettoni di chiara ferragni?|Cosa ne pensate della truffa dei panettoni di chiara ferragni?|Cosa ne pensate della truffa dei panettoni di chiara ferragni?|Cosa ne pensate della truffa dei panettoni di chiara ferragni?,"E sottolineo insipiente, perchè si può essere divertenti anche con la comicità gretta e volgare se ci si mette ingegno e creatività. Anche nel trash ci sono buoni lavori e pessimi lavori.|A molti non piacciono (è comprensibile, per carità), io non li trovo così terribili.|Fanno ridere,radunano amici e famiglie al cinema soprattutto nel periodo tra feste e dopo.Ciao",Alex Perotti|Antonio Wilson|Luiigi,2024-02-02 10:55:20,Quora
Cosa ne pensate della truffa dei panettoni di chiara ferragni?|Cosa ne pensate della truffa dei panettoni di chiara ferragni?,Ho compassione per chi ha lo stesso cognome di costei.,Mario Covino,2023-12-19 00:00:00,Quora
Cosa ne pensi della vicenda della Ferragni?,"Non voglio passare per “odiatore seriale” ma ne penso tutto il male possibile …ho ancora in mente il discorso che ha fatto a Sanremo …da martire e vergine ,…ancora ho negli occhi la festa nel super mercato in cui ridicolizzava il cibo, con il pentimento postumo da vergine e martire ..ed ora si è insaccata trombando una milionata di euri destinati alla medicina e relativa povera gente !!",Marco Cattaneo,2023-12-20 00:00:00,Quora
Cosa ne pensi della vicenda della Ferragni?,🤎,AMSICORA,2023-12-20 00:00:00,Quora
Cosa ne pensi della vicenda della Ferragni?,"cosa se ne può pensare di stà fiera piddina che ha fatto la morale a tanti .., che dire ,",Mario Morosi,2023-12-20 00:00:00,Quora
Cosa ne pensi della vicenda della Ferragni?,💩,Martina Pirollo,2023-12-21 00:00:00,Quora
Cosa ne pensi della vicenda della Ferragni?,…poche parole,Olena Hollow,2024-03-02 00:00:00,Quora
Cosa ne pensi della vicenda della Ferragni?,❣️,Alfredo Cesanelli,2023-12-20 00:00:00,Quora
Cosa ne pensi della vicenda della Ferragni?,piccola e insignificante stronzetta arricchita “SPARISCI” …,Giovanni Lorusso,2023-12-20 00:00:00,Quora
Cosa ne pensi della vicenda della Ferragni?,🔥,CORRADO GORLA,2024-03-02 00:00:00,Quora
Cosa ne pensi della vicenda della Ferragni?,Niente più,Nino Aspesi,2023-12-20 00:00:00,Quora
Cosa ne pensi della vicenda della Ferragni?,Dalle merde non si e' mai sollevato del profumo.,Roberto Merlini,2023-12-20 00:00:00,Quora
Cosa ne pensi della vicenda della Ferragni?,"Penso sia ora che la gente riprenda a ragionare con la propria testa e smetta di dare retta a qualcuno che non ha il minimo titolo per ""influenzare"" chicchessia. E fesse le aziende che si appoggiano a questi personaggi di dubbia visibilità per farsi pubblicità. Alla fine ne sono uscite con un pesante danno d'immagine.",Luca Stivalato,2023-12-20 00:00:00,Quora
Cosa ne pensi della vicenda della Ferragni?,"Purtroppo è tutta colpa delle donne. Sono loro e le loro libertà pretese a rendere la società più debole, narcisista ed affine alle apparenze anziché l'essere.",GG,2023-12-27 00:00:00,Quora
Cosa ne pensi della vicenda della Ferragni?,"Che se 2 analfabeti diventano milionari e modello di vita vuol dire che ci sono milioni di imbecilli che li seguono e li scimmiottano. A questa gente toglierei il diritto di voto,non hanno diritto di influenzare la vita altrui. Hanno deciso di vivere come amebe? Bene,lo devono fare in tutto.",Carmelo Cultraro,2023-12-20 00:00:00,Quora
Cosa ne pensi della vicenda della Ferragni?,Lapidare lei e il suo ignorante di marito,CARLO BIANCHI BIANCHI,2023-12-20 00:00:00,Quora
Cosa ne pensi della vicenda della Ferragni?,Colpa degli idioti che seguendoli creano certi personaggi che valgono meno dell' aria che respirano,Pontecorvo,2023-12-20 00:00:00,Quora
Il recente scandalo dei pandori Ferragni-Balocco segnerà finalmente il declino di Chiara Ferragni?,"Individui come lei: sfruttano l'imbecillità altrui. Non hanno nulla da dire, trasmettere o da insegnare. Ma chi li segue ha il vuoto interiore ed intellettivo. Ed ecco perché la notorietà li attrae in questo circolo vizioso. Creato dal sistema economico ultracapitalista e che in questo periodo; fregnez e la sua socia in affari stanno cavalcando. fregnez perché ricordo che in un periodo non troppo lontano, persino al telegiornale fecero vedere il fregnone in questione che piangeva chiedendo scusa per una qualche idiozia fatta. Stessa scenetta infatti ripetuta dalla sua complice ferragna (poco f",Jury Rosati,2023-12-27 00:00:00,Quora
Il recente scandalo dei pandori Ferragni-Balocco segnerà finalmente il declino di Chiara Ferragni?,Devo dire però che dei destini di quei due (che trovo entrambi insopportabili) mi interessa ben poco.,Massimo Maccagno,2024-01-13 00:00:00,Quora
Il recente scandalo dei pandori Ferragni-Balocco segnerà finalmente il declino di Chiara Ferragni?,"Noto due cose. La Ferragni che se ne sbatte i coglioni di quanto accaduto. I prodotti Balocco che rimangono sugli scaffali,costretti ad essere venduti a prezzi di mercato inferiori.",CORRADO GORLA,2024-02-28 00:00:00,Quora
Il recente scandalo dei pandori Ferragni-Balocco segnerà finalmente il declino di Chiara Ferragni?,Non credo. Lei ha troppi soldi per mettere a posto le cose e i suoi seguaci non hanno cervello sufficiente per lasciarla andare..🫣😭,Glenn,2023-12-28 00:00:00,Quora
Il recente scandalo dei pandori Ferragni-Balocco segnerà finalmente il declino di Chiara Ferragni?,"Probabilmente. Ma è quel ""finalmente"" che mi rende perplessa, xché il suo posto verrà preso da altri personaggi inconsistenti che rispondono alla necessità di intrattenimento fatuo di una certa categoria di persone che vive di gossip e che, se scartera' la Ferragni, nn rinuncerà comunque alla propria passione x il nulla, ma sposterà l'attenzione verso altri personaggi altrettanto inutili quanto la Ferragni. E ce ne sono tanti, nn solo influencer, quindi ufficialmente fatui, ma anche di personaggi dotati di carrierone egualmente inutili: gente come Belen, Hunziker, Toffanin, Canalis e compagnia",Ambra,2024-01-13 00:00:00,Quora
"In riferimento al caso Ferragni/Balocco, ho letto molti commenti negativi sull'influencer. Condivido ma, mi chiedo, perché i suoi follower non si esprimono?","Non sono una follower della signora Ferragni, ma vorrei ricordare che il malvezzo, da parte di personaggi noti, di farsi pagare profumatamente per promuovere o partecipare a iniziative benefiche è cosa ben nota.Molti anni fa lo stilista Valentino non fece mistero della cosa, affermando che la sua amica Elisabeth Taylor era una delle pochissime attrici il cui impegno era sincero e che dalla beneficenza non ricavava nessun vantaggio, anzi,aveva creato una fondazione in onore di Rock Hudson, suo amico fraterno ,per le vittime dell'AIDS,un male sul quale incombeva uno stigma sociale terribile.Non",Graciela Sechi|Mario d'Apolito|Rose Bazzoli,2023-12-21 00:00:00,Quora
"In riferimento al caso Ferragni/Balocco, ho letto molti commenti negativi sull'influencer. Condivido ma, mi chiedo, perché i suoi follower non si esprimono?","Se un coglione se ne sta zitto, fa solo un piacere a sé stesso, dandosi l'opportunità di ascoltare.Peraltro fa un favore a tutti noi… quindi solo bene.",Un Gattaccio|Mario d'Apolito,2023-12-21 00:00:00,Quora
"In riferimento al caso Ferragni/Balocco, ho letto molti commenti negativi sull'influencer. Condivido ma, mi chiedo, perché i suoi follower non si esprimono?",Gli idioti hanno molta difficoltà ad esprimersi in modo logico e coerente. Tra l'altro è difficile esprimersi su chi rappresenta il nulla e sul nulla fa soldi grazie agli idioti che la seguono.,Francesco Parma,2023-12-21 00:00:00,Quora
"In riferimento al caso Ferragni/Balocco, ho letto molti commenti negativi sull'influencer. Condivido ma, mi chiedo, perché i suoi follower non si esprimono?",Non solo tanti l'hanno coperta di insulti ma 87 mila l'hanno abbandonata.,Gaetano Antonio Riotto|Mario d'Apolito|Luca Ferlisi|Mario d'Apolito,2023-12-21 00:00:00,Quora
"In riferimento al caso Ferragni/Balocco, ho letto molti commenti negativi sull'influencer. Condivido ma, mi chiedo, perché i suoi follower non si esprimono?","Esci dal mondo pilotato di Quora ogni tanto, Quora non è lo specchio della società.",B3t,2023-12-21 00:00:00,Quora
"In riferimento al caso Ferragni/Balocco, ho letto molti commenti negativi sull'influencer. Condivido ma, mi chiedo, perché i suoi follower non si esprimono?",Secondo me non ci credono che la loro eroina sia stata capace di una simile bassezza,Sally Sally,2023-12-21 00:00:00,Quora
"In riferimento al caso Ferragni/Balocco, ho letto molti commenti negativi sull'influencer. Condivido ma, mi chiedo, perché i suoi follower non si esprimono?",Io sono un suo follower solo quando è nuda.,Leozuf - L'alieno Rosa 🦩,2023-12-21 00:00:00,Quora
"La gente ha perdonato Chiara Ferragni per il caso del Pandoro della Balocco e delle uova di Pasqua. Anzi, il suo business è aumentato, con un aumento delle vendite dei marchi da lei sponsorizzati. Ma cosa succede nella mente degli italiani?",👎,Brian Griffin,2024-02-01 11:56:59,Quora
"La gente ha perdonato Chiara Ferragni per il caso del Pandoro della Balocco e delle uova di Pasqua. Anzi, il suo business è aumentato, con un aumento delle vendite dei marchi da lei sponsorizzati. Ma cosa succede nella mente degli italiani?","Perché oltre che mafiosi, gli italiani ti sembrano persone intelligenti? Anche in base a come ti attaccano per le tue domande e risposte",Armonia Birichino,2023-12-21 00:00:00,Quora
"La gente ha perdonato Chiara Ferragni per il caso del Pandoro della Balocco e delle uova di Pasqua. Anzi, il suo business è aumentato, con un aumento delle vendite dei marchi da lei sponsorizzati. Ma cosa succede nella mente degli italiani?",Chiedere,Gioia,2023-12-22 00:00:00,Quora
"La gente ha perdonato Chiara Ferragni per il caso del Pandoro della Balocco e delle uova di Pasqua. Anzi, il suo business è aumentato, con un aumento delle vendite dei marchi da lei sponsorizzati. Ma cosa succede nella mente degli italiani?",💩,Antonio Rossi,2023-12-23 00:00:00,Quora
"La gente ha perdonato Chiara Ferragni per il caso del Pandoro della Balocco e delle uova di Pasqua. Anzi, il suo business è aumentato, con un aumento delle vendite dei marchi da lei sponsorizzati. Ma cosa succede nella mente degli italiani?",🔚,Max Barzaghi,2023-12-21 00:00:00,Quora
"La gente ha perdonato Chiara Ferragni per il caso del Pandoro della Balocco e delle uova di Pasqua. Anzi, il suo business è aumentato, con un aumento delle vendite dei marchi da lei sponsorizzati. Ma cosa succede nella mente degli italiani?","Sospetto che tutto questo sia stato fatto per ""pubblicità"" , la gente oggi spesso si fa ""fregare"" da questi influencer rappresentanti di una società ipocrita e ambigua, basata solo sull'immagine, ma sotto il vestito NIENTE",Francesco Parma,2023-12-21 00:00:00,Quora
"La gente ha perdonato Chiara Ferragni per il caso del Pandoro della Balocco e delle uova di Pasqua. Anzi, il suo business è aumentato, con un aumento delle vendite dei marchi da lei sponsorizzati. Ma cosa succede nella mente degli italiani?",🤎,Radiosilenzio,2023-12-21 00:00:00,Quora
"La gente ha perdonato Chiara Ferragni per il caso del Pandoro della Balocco e delle uova di Pasqua. Anzi, il suo business è aumentato, con un aumento delle vendite dei marchi da lei sponsorizzati. Ma cosa succede nella mente degli italiani?",Ho visto diverse domande come questa .,Edoardo M.,2023-12-22 00:00:00,Quora
"La gente ha perdonato Chiara Ferragni per il caso del Pandoro della Balocco e delle uova di Pasqua. Anzi, il suo business è aumentato, con un aumento delle vendite dei marchi da lei sponsorizzati. Ma cosa succede nella mente degli italiani?",🥰,Maurizio Carnazzo,2023-12-21 00:00:00,Quora
"La gente ha perdonato Chiara Ferragni per il caso del Pandoro della Balocco e delle uova di Pasqua. Anzi, il suo business è aumentato, con un aumento delle vendite dei marchi da lei sponsorizzati. Ma cosa succede nella mente degli italiani?","La sceneggiata melodrammatica recitata dalla signora Lucia mi ricorda molto quella di Amanda Knox: capelli raccolti dietro la nuca per dare un'aria dimessa, il colorr grigio scelto armocromicamente per trasmettere un senso di contrizione e di pentimento, lacrima facile modalità ""coccodrillo"".",Maurizio D'Agostino,2023-12-22 00:00:00,Quora
"La gente ha perdonato Chiara Ferragni per il caso del Pandoro della Balocco e delle uova di Pasqua. Anzi, il suo business è aumentato, con un aumento delle vendite dei marchi da lei sponsorizzati. Ma cosa succede nella mente degli italiani?","Si può perdonare la stupidità, ma non la disonestà.",Mauro,2023-12-23 00:00:00,Quora
"La gente ha perdonato Chiara Ferragni per il caso del Pandoro della Balocco e delle uova di Pasqua. Anzi, il suo business è aumentato, con un aumento delle vendite dei marchi da lei sponsorizzati. Ma cosa succede nella mente degli italiani?",🔥,Carlo Vianelli,2023-12-22 00:00:00,Quora
"La gente ha perdonato Chiara Ferragni per il caso del Pandoro della Balocco e delle uova di Pasqua. Anzi, il suo business è aumentato, con un aumento delle vendite dei marchi da lei sponsorizzati. Ma cosa succede nella mente degli italiani?",Dove sono tutti sti follower? Virtuali?,Sergio Malinverno,2023-12-21 00:00:00,Quora
"La gente ha perdonato Chiara Ferragni per il caso del Pandoro della Balocco e delle uova di Pasqua. Anzi, il suo business è aumentato, con un aumento delle vendite dei marchi da lei sponsorizzati. Ma cosa succede nella mente degli italiani?","Se è vero( e purtroppo non ho ragione di dubitare) dimostra la stupidità, l'imbecillità, della gente. Ma è possibile che una tizia che ha fatto quello che pare assodato di sbagliato ( a dir nulla) venga perdonata. Ormai il mondo gira alla rovescia. Infatti io non mi ci trovo",Anselmo Bertoni,2023-12-23 00:00:00,Quora
"La gente ha perdonato Chiara Ferragni per il caso del Pandoro della Balocco e delle uova di Pasqua. Anzi, il suo business è aumentato, con un aumento delle vendite dei marchi da lei sponsorizzati. Ma cosa succede nella mente degli italiani?","O Signur, guarda gio'!",Laura Folli,2023-12-26 00:00:00,Quora
"La gente ha perdonato Chiara Ferragni per il caso del Pandoro della Balocco e delle uova di Pasqua. Anzi, il suo business è aumentato, con un aumento delle vendite dei marchi da lei sponsorizzati. Ma cosa succede nella mente degli italiani?",Vanno controcorrente.,Vincenzo Lomuscio,2023-12-21 00:00:00,Quora
"La gente ha perdonato Chiara Ferragni per il caso del Pandoro della Balocco e delle uova di Pasqua. Anzi, il suo business è aumentato, con un aumento delle vendite dei marchi da lei sponsorizzati. Ma cosa succede nella mente degli italiani?","Veramente la SAFILO ha stracciato il contratto,e la GDF oggi ha requisito un po di fogliame, cartaceo,io questo aumento non lo vedo,anzi,è stata una pessima trovata che gli si contorcera' contro.",AMSICORA,2023-12-21 00:00:00,Quora
"La gente ha perdonato Chiara Ferragni per il caso del Pandoro della Balocco e delle uova di Pasqua. Anzi, il suo business è aumentato, con un aumento delle vendite dei marchi da lei sponsorizzati. Ma cosa succede nella mente degli italiani?","Ma nn nella testa di tutti gli italiani, solo di quelli che comprano quei prodotti.",Alessandro Demontis,2023-12-21 00:00:00,Quora
"La gente ha perdonato Chiara Ferragni per il caso del Pandoro della Balocco e delle uova di Pasqua. Anzi, il suo business è aumentato, con un aumento delle vendite dei marchi da lei sponsorizzati. Ma cosa succede nella mente degli italiani?",Gente malata. Come chi ha come idolo Fabrizio Corona,Corrado Rosselli,2023-12-21 00:00:00,Quora
"La gente ha perdonato Chiara Ferragni per il caso del Pandoro della Balocco e delle uova di Pasqua. Anzi, il suo business è aumentato, con un aumento delle vendite dei marchi da lei sponsorizzati. Ma cosa succede nella mente degli italiani?",❌,Roberto Valentini,2023-12-21 00:00:00,Quora
"Lo scandalo per la non beneficenza ai bambini malati di tumore dei panettoni BALOCCO griffati della FERRAGNI sarà l'inizio della sua ""fine""? Si porterà per sempre lo stigma di aver fatto pubblicità ingannevole sfruttando i bambini malati di tumore ?",Lo stigma peggiore lo porteranno i suoi seguaci: quello dell'imbecillità.,Giorgio De Vita|Lulù|Giorgio De Vita|Lulù|Alessia Ferri|Natalia Aspesi,2024-01-17 00:00:00,Quora
"Lo scandalo per la non beneficenza ai bambini malati di tumore dei panettoni BALOCCO griffati della FERRAGNI sarà l'inizio della sua ""fine""? Si porterà per sempre lo stigma di aver fatto pubblicità ingannevole sfruttando i bambini malati di tumore ?",💔,Alessandro Prex,2023-12-16 00:00:00,Quora
"Lo scandalo per la non beneficenza ai bambini malati di tumore dei panettoni BALOCCO griffati della FERRAGNI sarà l'inizio della sua ""fine""? Si porterà per sempre lo stigma di aver fatto pubblicità ingannevole sfruttando i bambini malati di tumore ?","Costoro, e tutti i loro compagni di merende operanti in politica, hanno il potere di autoassolversi da tutti i peccati. Non si chiederanno le dimissioni di nessuno, nessuno scenderà in piazza a spaccare vetrine, niente! Ma ormai ci siamo abituati, a questo comportamento dei più bravi della classe, che danno lezioni a destra e manca. Mi dispiace soltanto per il signor Balocco. Anzi, nemmeno tanto, visto che ha abboccato pure lui alla Ferragni. Se ne poteva scegliere una più seria. Che ne so? Marisa Laurito, tanto per dirne una …!",Roberto Zac,2023-12-16 00:00:00,Quora
"Lo scandalo per la non beneficenza ai bambini malati di tumore dei panettoni BALOCCO griffati della FERRAGNI sarà l'inizio della sua ""fine""? Si porterà per sempre lo stigma di aver fatto pubblicità ingannevole sfruttando i bambini malati di tumore ?",🔥,Raimondo Nocco,2023-12-16 00:00:00,Quora
"Lo scandalo per la non beneficenza ai bambini malati di tumore dei panettoni BALOCCO griffati della FERRAGNI sarà l'inizio della sua ""fine""? Si porterà per sempre lo stigma di aver fatto pubblicità ingannevole sfruttando i bambini malati di tumore ?",💟,Marco Marastoni,2023-12-19 00:00:00,Quora
"Lo scandalo per la non beneficenza ai bambini malati di tumore dei panettoni BALOCCO griffati della FERRAGNI sarà l'inizio della sua ""fine""? Si porterà per sempre lo stigma di aver fatto pubblicità ingannevole sfruttando i bambini malati di tumore ?","Sai a me essendo della generazione del 64 non mi hanno mai attirato, e questo sembra sia normale. Dipende, perché a volte la gente compreso anche me, diciamo tutti a secondo dei casi, hanno la memoria del pesciolino, spero tanto di no.",Massimiliano Domanico,2023-12-17 00:00:00,Quora
"Lo scandalo per la non beneficenza ai bambini malati di tumore dei panettoni BALOCCO griffati della FERRAGNI sarà l'inizio della sua ""fine""? Si porterà per sempre lo stigma di aver fatto pubblicità ingannevole sfruttando i bambini malati di tumore ?",Malgrado (soprattutto) l'evidenza…,Roberto Rovida,2023-12-16 00:00:00,Quora
"Lo scandalo per la non beneficenza ai bambini malati di tumore dei panettoni BALOCCO griffati della FERRAGNI sarà l'inizio della sua ""fine""? Si porterà per sempre lo stigma di aver fatto pubblicità ingannevole sfruttando i bambini malati di tumore ?",La Ferragna dovrebbe solo tacere ed essere presa a calci in culo . Bella figura di merda! Truffare i bambini ammalati !!,Maria Grazia Cocito,2023-12-16 00:00:00,Quora
"Lo scandalo per la non beneficenza ai bambini malati di tumore dei panettoni BALOCCO griffati della FERRAGNI sarà l'inizio della sua ""fine""? Si porterà per sempre lo stigma di aver fatto pubblicità ingannevole sfruttando i bambini malati di tumore ?",Bah. la gente dimentica in fretta….,Giovanna Serenelli,2024-01-18 00:00:00,Quora
"Lo scandalo per la non beneficenza ai bambini malati di tumore dei panettoni BALOCCO griffati della FERRAGNI sarà l'inizio della sua ""fine""? Si porterà per sempre lo stigma di aver fatto pubblicità ingannevole sfruttando i bambini malati di tumore ?",2 Non penso proprio.,Giuseppe Ganci,2023-12-16 00:00:00,Quora
"Lo scandalo per la non beneficenza ai bambini malati di tumore dei panettoni BALOCCO griffati della FERRAGNI sarà l'inizio della sua ""fine""? Si porterà per sempre lo stigma di aver fatto pubblicità ingannevole sfruttando i bambini malati di tumore ?",Ma secondo me la multa avrebbe dovuto superare l'incasso.,Silvana De Luca,2023-12-16 00:00:00,Quora
"Lo scandalo per la non beneficenza ai bambini malati di tumore dei panettoni BALOCCO griffati della FERRAGNI sarà l'inizio della sua ""fine""? Si porterà per sempre lo stigma di aver fatto pubblicità ingannevole sfruttando i bambini malati di tumore ?","Indipendentemente dal fatto che sia una truffa o meno ,già la TUA scrittura è un ' inno alla pubblicità sia del panettone che del personaggio !!! Insomma tutto l' incontrario di ciò che avrebbe provocato un silenzio sulla vicenda e lasciando parlare i tribunali !!!",Lino Messina,2023-12-16 00:00:00,Quora
"Lo scandalo per la non beneficenza ai bambini malati di tumore dei panettoni BALOCCO griffati della FERRAGNI sarà l'inizio della sua ""fine""? Si porterà per sempre lo stigma di aver fatto pubblicità ingannevole sfruttando i bambini malati di tumore ?",News fresca .. codacons presenta denuncia a 104 procure… rovinata??,Paolo Castellano,2023-12-18 00:00:00,Quora
"Lo scandalo per la non beneficenza ai bambini malati di tumore dei panettoni BALOCCO griffati della FERRAGNI sarà l'inizio della sua ""fine""? Si porterà per sempre lo stigma di aver fatto pubblicità ingannevole sfruttando i bambini malati di tumore ?",io ad esempio non li compro,FABRIZIO ZAMPINI,2023-12-16 00:00:00,Quora
"Lo scandalo per la non beneficenza ai bambini malati di tumore dei panettoni BALOCCO griffati della FERRAGNI sarà l'inizio della sua ""fine""? Si porterà per sempre lo stigma di aver fatto pubblicità ingannevole sfruttando i bambini malati di tumore ?",se lo meriterebbe proprio,Elena Laura,2023-12-16 00:00:00,Quora
"Lo scandalo per la non beneficenza ai bambini malati di tumore dei panettoni BALOCCO griffati della FERRAGNI sarà l'inizio della sua ""fine""? Si porterà per sempre lo stigma di aver fatto pubblicità ingannevole sfruttando i bambini malati di tumore ?","Fine della questione e tutti felici: aziende, testimonial, acquirenti e beneficiari delle donazioni.",Andrea B.,2023-12-16 00:00:00,Quora
"Lo scandalo per la non beneficenza ai bambini malati di tumore dei panettoni BALOCCO griffati della FERRAGNI sarà l'inizio della sua ""fine""? Si porterà per sempre lo stigma di aver fatto pubblicità ingannevole sfruttando i bambini malati di tumore ?","Ed il fatto è che questi personaggi sono usati dal sistema per influenzare i giovani; persone con questa morale sono quelli che nel corrotto occidente sono i ""vati"" delle nuove generazioni.",Mario Rossi Ksr,2023-12-16 00:00:00,Quora
"Lo scandalo per la non beneficenza ai bambini malati di tumore dei panettoni BALOCCO griffati della FERRAGNI sarà l'inizio della sua ""fine""? Si porterà per sempre lo stigma di aver fatto pubblicità ingannevole sfruttando i bambini malati di tumore ?",Fedez o merdez e la ferragni nota magnaragni metterebbeto la madre sul marciapiede pur di fare soldi,CARLO BIANCHI BIANCHI,2023-12-16 00:00:00,Quora
"Lo scandalo per la non beneficenza ai bambini malati di tumore dei panettoni BALOCCO griffati della FERRAGNI sarà l'inizio della sua ""fine""? Si porterà per sempre lo stigma di aver fatto pubblicità ingannevole sfruttando i bambini malati di tumore ?","Non credo proprio, io quella pubblicità non la ho mai sentita, e comunque dei panettoni Balocco e/o della Ferragni non me ne è mai fregato un gazzo e credo che ci siano milioni, se non miliardi, come me.",Fanfulla,2023-12-16 00:00:00,Quora
Non trovi deplorevole il fatto che Chiara Ferragni abbia mandato al macero 72mila dei suoi pandori invenduti mentre milioni di persone muoiono di fame nel mondo?,"Chiara Ferragni non ha mandato al macero un bel niente. È stato Balocco, tutt'al più. In ogni caso credi che gli altri produttori di dolciumi non facciano la stessa cosa? L'invenduto lo conservano ""ad eterna""?",Alessio Brambilla,2023-12-31 00:00:00,Quora
Non trovi deplorevole il fatto che Chiara Ferragni abbia mandato al macero 72mila dei suoi pandori invenduti mentre milioni di persone muoiono di fame nel mondo?,Ammesso che la notizia sia vera ….i pandori non erano suoi ma della Balocco e potrei anche capire la decisione di farli sparire dopo la pubblicità negativa che tutta la squallida vicenda ha procurato all' azienda.,Grindelwald,2023-12-31 00:00:00,Quora
Non trovi deplorevole il fatto che Chiara Ferragni abbia mandato al macero 72mila dei suoi pandori invenduti mentre milioni di persone muoiono di fame nel mondo?,😂😂😂,N0V4N74,2023-12-31 00:00:00,Quora
Non trovi deplorevole il fatto che Chiara Ferragni abbia mandato al macero 72mila dei suoi pandori invenduti mentre milioni di persone muoiono di fame nel mondo?,".Trovo deplorevole questo e tante altre cose che ci accadono attorno molte delle quali sono solo ed esclusivamente colpa nostra, della nostra dabbenaggine, della nostra incuria e del nostro non voler vedere e ragionare in merito di quel che accade; come in tutte le epoche persone prive di scrupoli o più semplicemente prive di intelligenza vera, volgari e sguaiate approfittano della situazione debitamente guidate e instradate, sta a noi non farne degli idoli idioti invidiandoli ed esaltandoli invece di seppellirli con sonore risate e mandarli a quel paese ogni volta che si propongono.",Paola Zucca,2023-12-31 00:00:00,Quora
Non trovi deplorevole il fatto che Chiara Ferragni abbia mandato al macero 72mila dei suoi pandori invenduti mentre milioni di persone muoiono di fame nel mondo?,Non li ha mandati lei ma la Balocco. Tra poco accuserete la Ferragni della strage di Ustica. I prodotti potevano essere debrendizzati e distribuiti gratuitamente alle associazioni ma la Balocco (colpevole quanto la Ferragni) ha deciso di mandarli al macero.,Brian Griffin,2023-12-31 00:00:00,Quora
Non trovi deplorevole il fatto che Chiara Ferragni abbia mandato al macero 72mila dei suoi pandori invenduti mentre milioni di persone muoiono di fame nel mondo?,"È riuscita a guadagnare anche sul video Pezzotto delle scuse su internet, false come l'oro di Bologna.",Maurizio D'Agostino,2023-12-31 00:00:00,Quora
Non trovi deplorevole il fatto che Chiara Ferragni abbia mandato al macero 72mila dei suoi pandori invenduti mentre milioni di persone muoiono di fame nel mondo?,Si sarà seduta sugli allori…convinta di essere ormai in vetta,Christodulu,2023-12-31 00:00:00,Quora
Non trovi deplorevole il fatto che Chiara Ferragni abbia mandato al macero 72mila dei suoi pandori invenduti mentre milioni di persone muoiono di fame nel mondo?,"Sisi, ma più che deplorevole il gesto, trovo ormai noioso portare avanti sto dibattito sulla Ferragni.",Lilli,2024-01-10 00:00:00,Quora
Non trovi deplorevole il fatto che Chiara Ferragni abbia mandato al macero 72mila dei suoi pandori invenduti mentre milioni di persone muoiono di fame nel mondo?,"Della falsita',",Maria Caparrone,2023-12-31 00:00:00,Quora
Non trovi deplorevole il fatto che Chiara Ferragni abbia mandato al macero 72mila dei suoi pandori invenduti mentre milioni di persone muoiono di fame nel mondo?,"Intanto, i pandori non sono suoi. Poi, a detta degl esperti del Gambero Rosso, sanno di ""cartone e formaggio"". Poi, speriamo che almeno abbia mantenuto l'impegno, che aveva preso, di donare un milione di euro in beneficenza! A me, già mille euro peserebbero molto.",Silvana De Luca,2023-12-31 00:00:00,Quora
Non trovi deplorevole il fatto che Chiara Ferragni abbia mandato al macero 72mila dei suoi pandori invenduti mentre milioni di persone muoiono di fame nel mondo?,"Basta con i Ferragnes, ci hanno stufati. La miglior vendetta è il silenzio su di loro, visto che vivevano di chiacchiere. Dimentichiamo due esseri spregevoli, di scarca cultura, inutili alla società e con tendenza a delinquere. CALI IL SIPARIO.",Giorgio Marzini,2023-12-31 00:00:00,Quora
Non trovi deplorevole il fatto che Chiara Ferragni abbia mandato al macero 72mila dei suoi pandori invenduti mentre milioni di persone muoiono di fame nel mondo?,"Non ne aveva la possibilità legale. Ammesso che siano stati inceneriti, e non ho alcuna notizia in questo senso a parte le vaccate che si leggono su Quora, sarà stata la Balocco a deciderlo. Per i prossimi 30 anni, IO non comprerò mai più un prodotto di quella ditta, ma son gazzi miei e non ne ho mai comprati a prescindere.",Fanfulla,2023-12-31 00:00:00,Quora
Non trovi deplorevole il fatto che Chiara Ferragni abbia mandato al macero 72mila dei suoi pandori invenduti mentre milioni di persone muoiono di fame nel mondo?,"Si, un cattivo gesto tanto quanto quella della truffa.",Sally Sally,2023-12-31 00:00:00,Quora
Non trovi deplorevole il fatto che Chiara Ferragni abbia mandato al macero 72mila dei suoi pandori invenduti mentre milioni di persone muoiono di fame nel mondo?,Infatti 👏👏👏👏👏,Marina De Matteis,2024-01-02 00:00:00,Quora
Non trovi deplorevole il fatto che Chiara Ferragni abbia mandato al macero 72mila dei suoi pandori invenduti mentre milioni di persone muoiono di fame nel mondo?,"Non lo trovo deplorevole in quanto NON CREDO sul fatto che un 'industria mandi al macero ore di lavoro dei suoi dipendenti e quintali di prodotti acquistati per la produzione !!! Piuttosto ,credo che il prodotto verrà venduto decurtato dalla cifra destinata all' "" offerta benefica "" ,senza la confezione "" Balocco "", cioè anonima ,certamente con un minor introito !!",Lino Messina,2023-12-31 00:00:00,Quora
Non trovi deplorevole il fatto che Chiara Ferragni abbia mandato al macero 72mila dei suoi pandori invenduti mentre milioni di persone muoiono di fame nel mondo?,Espressione del consumismo più becero e volgare un vero schifo,Fabrizio Vignolini,2023-12-31 00:00:00,Quora
Non trovi deplorevole il fatto che Chiara Ferragni abbia mandato al macero 72mila dei suoi pandori invenduti mentre milioni di persone muoiono di fame nel mondo?,Sono andati al macero?? Fonti?,Stefano Kühn,2023-12-31 00:00:00,Quora
Non trovi deplorevole il fatto che Chiara Ferragni abbia mandato al macero 72mila dei suoi pandori invenduti mentre milioni di persone muoiono di fame nel mondo?,Anche il vaticano non scherza,Daniele Trollino,2023-12-31 00:00:00,Quora
Non trovi deplorevole il fatto che Chiara Ferragni abbia mandato al macero 72mila dei suoi pandori invenduti mentre milioni di persone muoiono di fame nel mondo?,Meno retorica e ipocrisia.,Andy dei Fiori,2023-12-31 00:00:00,Quora
Non trovi deplorevole il fatto che Chiara Ferragni abbia mandato al macero 72mila dei suoi pandori invenduti mentre milioni di persone muoiono di fame nel mondo?,"No, perchè non erano suoi; 'al macero' li ha mandati la Balocco che è la casa produttrice che per sfortuna non è la sua. Balocco si è presa il danno e le beffe.",Giovanna Serenelli,2023-12-31 00:00:00,Quora
Non trovi deplorevole il fatto che Chiara Ferragni abbia mandato al macero 72mila dei suoi pandori invenduti mentre milioni di persone muoiono di fame nel mondo?,"Cortesemente, puoi postare la notizia? Non riesco a trovarla, grazie in anticipo.",Antonio C.,2023-12-31 00:00:00,Quora
Non trovi deplorevole il fatto che Chiara Ferragni abbia mandato al macero 72mila dei suoi pandori invenduti mentre milioni di persone muoiono di fame nel mondo?,"Da un emerita STRONZA, viziata da mammà e papà, che mai vuoi aspettarti ??",Marco Brenni,2023-12-31 00:00:00,Quora
Non trovi deplorevole il fatto che Chiara Ferragni abbia mandato al macero 72mila dei suoi pandori invenduti mentre milioni di persone muoiono di fame nel mondo?,È in linea con il suo cervello ..E con quello dei suoi milioni di followers ..Ben messi siamo !!,Maria Grazia Cocito,2023-12-31 00:00:00,Quora
Non trovi deplorevole il fatto che Chiara Ferragni abbia mandato al macero 72mila dei suoi pandori invenduti mentre milioni di persone muoiono di fame nel mondo?,La cosa peggiore è la Ferragni essere così spudorata comporre un atto DEPLOREVOLE se così lo chiamate,Stefano Batzella,2023-12-31 00:00:00,Quora
Non trovi deplorevole il fatto che Chiara Ferragni abbia mandato al macero 72mila dei suoi pandori invenduti mentre milioni di persone muoiono di fame nel mondo?,Sti ragionamenti del cavolo senza fondamenti solo per lamentarsi non li ho mai sopportati.,Nicoló Inglese,2024-01-01 00:00:00,Quora
Non trovi deplorevole il fatto che Chiara Ferragni abbia mandato al macero 72mila dei suoi pandori invenduti mentre milioni di persone muoiono di fame nel mondo?,"È stata la Balocco a gettare al macero i pandori non venduti .La stessa Balocco che non si sa perché, è altrettanto colpevole della Ferragni ma sembra che a nessuno importi .",Corrado,2024-01-02 00:00:00,Quora
Non trovi deplorevole il fatto che Chiara Ferragni abbia mandato al macero 72mila dei suoi pandori invenduti mentre milioni di persone muoiono di fame nel mondo?,💙,Francesco De Giorgio,2024-01-02 00:00:00,Quora
Non trovi deplorevole il fatto che Chiara Ferragni abbia mandato al macero 72mila dei suoi pandori invenduti mentre milioni di persone muoiono di fame nel mondo?,"Per quNto la fer/ragni sia schifosa i pandoro non li manda lei al macero ma la,ditta produttrice dovrebbero mettere anche lei al macero col marito",CARLO BIANCHI BIANCHI,2023-12-31 00:00:00,Quora
Non trovi deplorevole il fatto che Chiara Ferragni abbia mandato al macero 72mila dei suoi pandori invenduti mentre milioni di persone muoiono di fame nel mondo?,Ci sono fonti attendibili sul fatto che questi pandori siano stati mandati al macero?,Octopus Dofleini,2023-12-31 00:00:00,Quora
Perché Chiara Ferragni è così odiata da molti italiani?,🔝,Pippo Gigi,2024-01-12 00:00:00,Quora
Perché Chiara Ferragni è così odiata da molti italiani?,🔝,Pietro Bianco,2024-01-14 00:00:00,Quora
Perché Chiara Ferragni è così odiata da molti italiani?,Completamente indifferente 😐,Lauretta71,2024-01-13 00:00:00,Quora
Perché Chiara Ferragni è così odiata da molti italiani?,🙏,Francesco Neri,2024-01-14 00:00:00,Quora
Perché Chiara Ferragni è così odiata da molti italiani?,"La prima è furba, i secondi, stupidi.",Spaventa Passeri,2024-01-10 00:00:00,Quora
Perché Chiara Ferragni è così odiata da molti italiani?,🔚,Francesco J. Galvani,2024-02-18 00:00:00,Quora
Perché Chiara Ferragni è così odiata da molti italiani?,Il marito e’ fin peggio: un esibizionista ignorante pitturato come la porta interna di un cesso pubblico sudanese che spara sentenze acchiappa allocchi.,Pietro Del Buono,2024-01-14 00:00:00,Quora
Perché Chiara Ferragni è così odiata da molti italiani?,"Non la odio affatto, la ignoro.",Michele Cini,2024-01-14 00:00:00,Quora
Perché Chiara Ferragni è così odiata da molti italiani?,"Ma fai un analisi.Da ormai 15 anni non passa giorno che non vi siano notizie sui Ferragnez.Anche la piu piccola cretinata viene postata.Gia qui, chiuderemmo il discorso,poi ci metti soldi facili, troppp facili,aggiungi una bella dose di cinismo e ipocrisia …PER ULTIMO UNA TRUFFA AI DANNI DI DISABILI …che fa incazzare sempre tutti e hai la risposta.",Corrado Cerutti,2024-01-10 00:00:00,Quora
Perché Chiara Ferragni è così odiata da molti italiani?,Io ho saputo della sua esistenza durante sanremo 2023. Prima sapevo che era la compagna dello sbruffoncello e nientaltro.,Giuseppe Vincenzi,2024-01-10 00:00:00,Quora
Perché Chiara Ferragni è così odiata da molti italiani?,🔚,Brian Griffin,2024-01-23 00:00:00,Quora
Perché Chiara Ferragni è così odiata da molti italiani?,"Il suo problema è anche avere a fianco un marito che, per coprire le sue lacune, fa il bullo di quartiere dicendo un sacco di ca*ate fuori luogo.",Stef,2024-01-13 00:00:00,Quora
Perché Chiara Ferragni è così odiata da molti italiani?,"E piu odiato il maritino sfruttatore di bambini lei e una povera,cretina che vive coi soldi dei fessi poveri",CARLO BIANCHI BIANCHI,2024-01-12 00:00:00,Quora
Perché Chiara Ferragni è così odiata da molti italiani?,💚,Dante Paperinosky,2024-01-11 00:00:00,Quora
Perché Chiara Ferragni è così odiata da molti italiani?,"La Ferragni è il ""nulla"" perché ha fatto i soldi con la sua immagine come quasi tutte le attrici di bell'aspetto che stanno alla recita come la Ferragni sta alla beneficenza",Angelo,2023-12-29 00:00:00,Quora
Perché Chiara Ferragni è così odiata da molti italiani?,"Non credo sia odiata.. personalmente non mi interessa molto .. però è indubbiamente vero che è dappertutto.. è il suo business ., guadagna molto bene dalle sue apparizioni sui social tv ecc e fa bene è il suo lavoro.. Posso capire però che può stufare.. d’altronde non deve piacere a tutti",Fabrizio Pellegrini,2024-03-04 12:19:04,Quora
Perché Chiara Ferragni è così odiata da molti italiani?,Per invidia. L'italiano medio è molto invidioso del successo altrui è questo è uno dei motivi perché odiano la Ferragni come altre persone ricchee,Rya,2024-02-20 00:00:00,Quora
Perché Chiara Ferragni è così odiata da molti italiani?,"Sono Italiani, normalità.",Daniele Trollino,2024-01-16 00:00:00,Quora
Perché Chiara Ferragni è così odiata da molti italiani?,"Vuoi sapere quali deodoranti uso io, per caso?",Vincenzo Chiaravalle,2024-01-13 00:00:00,Quora
Perché Chiara Ferragni è così odiata da molti italiani?,(la storia del pandoro-panettone è un altro discorso che ho già commentato),Noona 누나,2024-01-12 00:00:00,Quora
Perché Chiara Ferragni è così odiata da molti italiani?,A me non frega niente. A malapena so chi è. Anzi non sono nemmeno sicuro di sapere chi è.,Carlo Coppola,2024-01-14 00:00:00,Quora
Perché Chiara Ferragni è così odiata da molti italiani?,Ipotizzo: perché la trovi anche nella minestra.,Marcello Rossini,2024-01-15 00:00:00,Quora
Perché Chiara Ferragni è così odiata da molti italiani?,Da me no. Io lammiro x lo spirito imprenditoriale. Chi parla male è solo invidioso.,Hinga Spadini,2024-01-16 00:00:00,Quora
Perché Chiara Ferragni è così odiata da molti italiani?,Truffa ai danni dei disabili.,Vincenzo Napolitano,2024-01-14 00:00:00,Quora
Perché Chiara Ferragni è così odiata da molti italiani?,"Perché gli italiani perdonano tutto, tranne il successo. Personalmente la Ferragni mi è trasparente, non la odio affatto. E' una normalissima imprenditrice che ha comunque avuto un brutto e squallido scivolone. Ho delle forti, fortissime riserve invece per chi la segue.",Gianni Niedermeyer,2024-01-14 00:00:00,Quora
Perché Chiara Ferragni è così odiata da molti italiani?,"Personalmente me ne frega meno di zero: Chiara Ferragni è stata brava a creare un'azienda florida, ma ha fatto una minchiata clamorosa con l'affare Balocco, più per superficialità che altro, perchè al 99% non ci sono capi di imputazione salvo la comunicazione commerciale scorretta, ma nemmeno di quello sono certo, perchè in effetti sui pandori non c'erano ne ci",Riccardo Galletti,2024-01-19 00:00:00,Quora
Perché Chiara Ferragni è così odiata da molti italiani?,"Perchè persona inutile,incapace persino di imbrogliare senza farsi beccare. Perchè solo ora,molti aprono gli occhi. Altro che bontà,tanta,tanta,tanta ipocrisia e solo guadagno.",CORRADO GORLA,2024-02-18 00:00:00,Quora
Perché Chiara Ferragni è così odiata da molti italiani?,Sono sicuro che il 99% delle persone che ne parlano male se la incontrassero per strada le chiederebbero l' autografo con la solita faccia da ebeti sorridenti che li contraddistingue.,Gianluca,2024-01-12 00:00:00,Quora
Perché Chiara Ferragni è così odiata da molti italiani?,"La Ferragni vendeva il nulla e faceva i soldi, se le aziende la pagavano",Pippo Gigi,2024-01-12 00:00:00,Quora
Perché Chiara Ferragni è così odiata da molti italiani?,"Poi ovviamente c'è anche da dire che molti uomini la odiano perché, non dico che ne esce pulita, ma se un uomo si fosse macchiato degli stessi errori lo avrebbero lapidato in piazza seduta stante. Già quasi quasi la colpa se la sta prendendo tutta la Balocco, mentre lei, povera cerbiattina ignara, merita perdon",Pietro Bianco,2024-01-14 00:00:00,Quora
Perché Chiara Ferragni è così odiata da molti italiani?,Completamente indifferente 😐,Lauretta71,2024-01-13 00:00:00,Quora
Perché Chiara Ferragni è così odiata da molti italiani?,"La prima è furba, i secondi, stupidi.",Spaventa Passeri,2024-01-10 00:00:00,Quora
Perché Chiara Ferragni è così odiata da molti italiani?,Apparentemente Fedez non afferra questo concetto quando maledice i giornalisti sotto casa sua. Gli stessi giornalisti che hanno fatto diventare un ragazzetto senza grosso talento musicale e piuttosto antipatico di nome Federico un VIP. Se dipendi solo dal vento che tira perché non hai un tuo moto,Francesco J. Galvani,2024-02-18 00:00:00,Quora
Perché Chiara Ferragni è così odiata da molti italiani?,Il marito e’ fin peggio: un esibizionista ignorante pitturato come la porta interna di un cesso pubblico sudanese che spara sentenze acchiappa allocchi.,Pietro Del Buono,2024-01-14 00:00:00,Quora
Perché Chiara Ferragni è così odiata da molti italiani?,"Non la odio affatto, la ignoro.",Michele Cini,2024-01-14 00:00:00,Quora
Perché Chiara Ferragni è così odiata da molti italiani?,"Ma fai un analisi.Da ormai 15 anni non passa giorno che non vi siano notizie sui Ferragnez.Anche la piu piccola cretinata viene postata.Gia qui, chiuderemmo il discorso,poi ci metti soldi facili, troppp facili,aggiungi una bella dose di cinismo e ipocrisia …PER ULTIMO UNA TRUFFA AI DANNI DI DISABILI …che fa incazzare sempre tutti e hai la risposta.",Corrado Cerutti,2024-01-10 00:00:00,Quora
Perché Chiara Ferragni è così odiata da molti italiani?,Io ho saputo della sua esistenza durante sanremo 2023. Prima sapevo che era la compagna dello sbruffoncello e nientaltro.,Giuseppe Vincenzi,2024-01-10 00:00:00,Quora
Perché Chiara Ferragni è così odiata da molti italiani?,chiara ferragni chi ?,Sergio Benassai,2024-01-11 00:00:00,Quora
Perché Chiara Ferragni è così odiata da molti italiani?,💛,Brian Griffin,2024-01-23 00:00:00,Quora
Perché Chiara Ferragni è così odiata da molti italiani?,"Il suo problema è anche avere a fianco un marito che, per coprire le sue lacune, fa il bullo di quartiere dicendo un sacco di ca*ate fuori luogo.",Stef,2024-01-13 00:00:00,Quora
Perché Chiara Ferragni è così odiata da molti italiani?,"E piu odiato il maritino sfruttatore di bambini lei e una povera,cretina che vive coi soldi dei fessi poveri",CARLO BIANCHI BIANCHI,2024-01-12 00:00:00,Quora
Perché Chiara Ferragni è così odiata da molti italiani?,Perché la stupidità è endemica,Lorenzo Maurioni,2024-01-13 00:00:00,Quora
Perché Chiara Ferragni è così odiata da molti italiani?,"Chiara Ferragni ha rotto. Intendo dire, ha rotto ogni rapporto con l'antico fidanzato manager Riccardo Pozzoli perché lui aveva tentato di vendere quasi mezza società senza che lei lo sapesse. È la rivelazione più eclatante di ""Unposted"". Per il resto nulla di nuovo, nulla che ti insegni qualcosa che non sai. Eri un fan, continui ad esserlo. Pensavi di carpirne i segreti|money-making,|torni a casa con i tuoi dubbi. Odiare non esiste, son frivolezze, ma di sicuro ha rotto. Anzi, non ci parla proprio più col Pozzoli.",Paola Milano,2024-01-14 00:00:00,Quora
Perché Chiara Ferragni è così odiata da molti italiani?,💛,Dante Paperinosky,2024-01-11 00:00:00,Quora
Perché Chiara Ferragni è così odiata da molti italiani?,"La Ferragni è il ""nulla"" perché ha fatto i soldi con la sua immagine come quasi tutte le attrici di bell'aspetto che stanno alla recita come la Ferragni sta alla beneficenza",Angelo,2023-12-29 00:00:00,Quora
Perché Chiara Ferragni è così odiata da molti italiani?,"Non credo sia odiata.. personalmente non mi interessa molto .. però è indubbiamente vero che è dappertutto.. è il suo business ., guadagna molto bene dalle sue apparizioni sui social tv ecc e fa bene è il suo lavoro.. Posso capire però che può stufare.. d’altronde non deve piacere a tutti",Fabrizio Pellegrini,2024-01-17 09:42:43,Quora
Perché Chiara Ferragni è così odiata da molti italiani?,"Comunque ci saranno sicuramente molti disposti a perdonare la loro eroina del nulla e a continuare a seguirla. Fate pure, ma non accusate gli altri di cattiveria.",Antonio Panagia,2023-12-27 00:00:00,Quora
Perché Chiara Ferragni è così odiata da molti italiani?,"Secondo me sì, ho l'impressione che ora la giustizia voglia proprio distruggerla, mi chiedo solo perché i magistrati non applichino la stessa veemenza e lo stesso accanimento con politici e altri ladroni e corrotti, sono severi solo per quello che vogliono loro e poi si scoprono pure i vari Palamara e le loro amicizie con mafiosi (tipo i magistrati che si sono occupati di Bossetti e la stessa pm Letizia Ruggeri oggi indagata).",Bravo Pruprú,2024-02-23 00:00:00,Quora
Perché Chiara Ferragni è così odiata da molti italiani?,"io non ce l'ho con lei che è stata anche molto furba a fare i soldi basandosi sul niente, solo mi chiedo perché mai una ochetta giuliva come lei dovrebbe influenzare le mie scelte di acquisto o qualsiasi altra cosa nella mia vita. semmai è proprio il fatto di vedere un prodotto pubblicizzato da lei che potrebbe dissuadermi dall'acquistarlo.",Flavio T,2024-02-24 00:00:00,Quora
Perché Chiara Ferragni è così odiata da molti italiani?,Chi diamine è Chiara Ferragni?,Carlo Recalcati,2024-02-25 00:00:00,Quora
Perché Chiara Ferragni è così odiata da molti italiani?,Per invidia. L'italiano medio è molto invidioso del successo altrui è questo è uno dei motivi perché odiano la Ferragni come altre persone ricchee,Rya,2024-02-20 00:00:00,Quora
Perché Chiara Ferragni è così odiata da molti italiani?,"Se la Mignotta Ferragni avesse ottenuto il successo date vere competenze pratiche, chessò, incidere brani veramente meritevoli oppure costruire statue\protesi per attori creative o anche fare l'ambientalista seriamente (con i fatti non come la pupazza Greta Minchia), allora nessun problema, ma una che ha iniziato facendo la troia su internet a 14 anni, solo grazie ai soldi di mamma e papà è riuscita ad andare avanti, ha scartato come una cimice il primo fidanzato che l'ha supportata in tutto (spero abbia capito il ragazzo che la donna, in generale, è ipocrita ed usa gli altri ma poi recrimina",Mario Covino,2024-01-04 00:07:50,Quora
Perché Chiara Ferragni è così odiata da molti italiani?,Non è abbastanza per suscitare invidia e scatenare gli odiatori?,Dan Porter,2023-12-23 14:51:29,Quora
Perché Chiara Ferragni è così odiata da molti italiani?,"E si sa, gli italiani possono perdonare tutto ma non il successo.",Carlo Recalcati,2024-03-05 11:49:32,Quora
Perché Chiara Ferragni è così odiata da molti italiani?,"Non credo. I soldi comprano e coprono tutto, anche il buonsenso, che cmq i grulli che la seguono non hanno mai avuto.",Marcella Altieri,2024-02-23 00:00:00,Quora
Perché Chiara Ferragni è così odiata da molti italiani?,Non sanno fare niente e non POSSONO insegnare niente !,Vincenzo Leo,2024-02-24 00:00:00,Quora
Perché Chiara Ferragni è così odiata da molti italiani?,"Sta accadendo un fenomeno di rigetto verso il suo personaggio da parte delle stesse persone che l'avevano messa sul piedistallo. È una reazione irrazionale esagerata e in questo momento lei è molto odiata. Io non mi farei vedere in giro se fossi in lei. La beneficenza non c'entra, il fatto è che la gente pensa di essere stata ingannata da lei e non glielo perdona. Non credo sia rimediabile la situazione. La sua carriera come brand ambassador è finita qui. Chi adesso la odia probabilmente non ha acquistato il pandoro e non ha mai dato neanche un euro in beneficenza. Questa è l'Italia, bellezza!",Grazia Ancheno',2024-01-02 00:00:00,Quora
Perché Chiara Ferragni è così odiata da molti italiani?,"Non sapevo chi era, ho visto un attimo su internet: è giovane, bella, imprenditrice, direi che confluiscono in lei i miti primari (imprenditorialità, giovinezza e bellezza femminile) della nostra società. E' quindi facile che sia invidiata.",Gilberto Mussoni,2024-01-03 00:00:00,Quora
Perché Chiara Ferragni è così odiata da molti italiani?,Ricalca le orme di Wanna Marchi.,Pietro Del Buono,2024-01-28 00:00:00,Quora
Perché Chiara Ferragni è così odiata da molti italiani?,"Aria fritta ben confezionata a cui i fessi abboccano. E' stata fortunata ad avere un ex fidanzato genio del marketing che le ha messo su la baracca ed è stata la prima che si è inventata uno pseudo lavoro sui social. Un bell'aspetto e una madre che si muoveva nel mondo della moda hanno fatto il resto…Ma in soldoni è tutto fumo. Cosa propone ? Che messaggio dà al pubblico ? Io vedo solo una sequela di scatti stra posati,locations esotiche…nessun contenuto, nessuna idea , solo una patina dorata,ma alla gente piace, fa sognare, e abboccano. Ricordo il suo blog, degno di un cioè anni 90.",Claire Eleanor,2024-01-29 00:00:00,Quora
Perché Chiara Ferragni è così odiata da molti italiani?,"Arrivando al marito,non riesco proprio a digerire il fatto che si atteggi da milionario acculturato quale non è affatto e giudichi la qualunque,dal piedistallo che si è creato e che purtroppo,sempre più gente,gli tiene eretto.",Stef,2024-03-30 00:00:00,Quora
Perché Chiara Ferragni è così odiata da molti italiani?,Odio è una parolona… nel mio caso è più fastidio verso una costante proposizione mediatica di una persona verso cui provo indifferenza totale,Marco Peretti,2024-02-03 00:00:00,Quora
Cosa ne pensate della truffa dei panettoni di chiara ferragni?,"A tarallucci & vino, debitamente sponsorizzati.",Vincenzo Greco,2024-01-22 00:00:00,Quora
Cosa ne pensate della truffa dei panettoni di chiara ferragni?|Cosa ne pensate della truffa dei panettoni di chiara ferragni?,"robba da matti con tante cose serie che accadono intorno a noi propio nelle nostre case cose serie, pensiamo alla ferragni balocco e il frocio del marito che si bacia con un altro uomo al festival. povera italia non la riconosco più ho nostalgia dei miei anni",Amerigo Sarrecchia,2023-12-23 00:00:00,Quora
Cosa ne pensate della truffa dei panettoni di chiara ferragni?,"MA CHI CAZ...SE NE FREGA………… TUTTA CACCA DEI MEDIA PER I MILIONI DI ITALICI FALLITI E SENZA PERSONALITA' CHE SEGUONO LE STORIE DI DUE BRAVISSIMI FURBASTRI CHE DA ANNI CHIAPPANO SOLDI. CON TASSE RIDOTTE, ALLA FACCIA DI CHI HA TEMPO DA PERDERE TENTANDO DI EMULARE I DUE ANZIDESCRITTI. CHE POCHEZZ A VERGOGNOSA. L'ITALIA STA PROPRIO DIVENTANDO UNA REPUBBLICHETTA IN TUTTI I SENSI.",Mario Morosi,2023-12-24 00:00:00,Quora
Che cosa avrebbe dovuto rispondere la Ferragni nel caso Balocco?,Forse non doveva proprio rispondere!,Marina De Matteis,2024-01-04 00:00:00,Quora
Che cosa avrebbe dovuto rispondere la Ferragni nel caso Balocco?|Che cosa avrebbe dovuto rispondere la Ferragni nel caso Balocco?,"parto dal presupposto che a me la ferragni mi è sempre stata totalmente indifferente. non conosco la sua storia ne come abbia ottenuto il suo successo, e manco me ne fotte. però una cosa va detta, chiunque abbia capito che comprando QUEL SINGOLO PANDORO, una parte del ricavato di QUEL SINGOLO PANDORO andasse in beneficenza, deve imparare a non interpretare ciò che viene enunciato, ma capire esattamente ciò che c'è scritto. in alcun post, spot e quant'altro viene detta questa meccanica, ma viene semplicemente detto che ferragni in collaborazione con balocco fanno beneficenza ad un ospedale. ma",Dederick,2024-01-04 00:00:00,Quora
Che cosa avrebbe dovuto rispondere la Ferragni nel caso Balocco?|Che cosa avrebbe dovuto rispondere la Ferragni nel caso Balocco?|Che cosa avrebbe dovuto rispondere la Ferragni nel caso Balocco?,"Che, nella sua attività, sono tutto.",Fabio Ridolfi,2024-01-04 00:00:00,Quora
Che cosa avrebbe dovuto rispondere la Ferragni nel caso Balocco?,"""Posso portarmi lo spazzolino da denti?""",Vincenzo Greco,2024-01-26 00:00:00,Quora
Che cosa avrebbe dovuto rispondere la Ferragni nel caso Balocco?,dovrebbe smetterla di mettere video sulla sua ricchezza e facendo sentire chi la segue che sono delle m…..e,Giovanni Lorusso,2024-01-04 00:00:00,Quora
Che cosa avrebbe dovuto rispondere la Ferragni nel caso Balocco?,zitti plebei io sono la divina!,Stefano Cammardella,2024-01-04 00:00:00,Quora
Che cosa avrebbe dovuto rispondere la Ferragni nel caso Balocco?,"Devolvo in beneficienza il milione che ho estorto, più un’altro. Ecco qui l’assegno firmato che ora consegno al beneficiario. Infine mi scuso con Balocco per i fastidi arrecati.",Pietro Del Buono,2024-01-04 00:00:00,Quora
"La gente ha perdonato Chiara Ferragni per il caso del Pandoro della Balocco e delle uova di Pasqua. Anzi, il suo business è aumentato, con un aumento delle vendite dei marchi da lei sponsorizzati. Ma cosa succede nella mente degli italiani?","Per quanto riguarda me, trovo tutta la vicenda penosa, così c",Armonia Birichino,2023-12-21 00:00:00,Quora
"La gente ha perdonato Chiara Ferragni per il caso del Pandoro della Balocco e delle uova di Pasqua. Anzi, il suo business è aumentato, con un aumento delle vendite dei marchi da lei sponsorizzati. Ma cosa succede nella mente degli italiani?","Si può perdonare la stupidità, ma non la disonestà.",Brian Griffin,2024-03-30 16:24:56,Quora
"La gente ha perdonato Chiara Ferragni per il caso del Pandoro della Balocco e delle uova di Pasqua. Anzi, il suo business è aumentato, con un aumento delle vendite dei marchi da lei sponsorizzati. Ma cosa succede nella mente degli italiani?","Un'altra grossa fake, sponsor che annullano contratti, fans che abbandonano.|Col caxxo che l'hanno perdonata, ho comprato 2 pandori, mi cominciasse a restituire la differenza di 12 euro.|Si può perdonare la stupidità, ma non la disonestà.",Gioia,2023-12-22 00:00:00,Quora
"La gente ha perdonato Chiara Ferragni per il caso del Pandoro della Balocco e delle uova di Pasqua. Anzi, il suo business è aumentato, con un aumento delle vendite dei marchi da lei sponsorizzati. Ma cosa succede nella mente degli italiani?","Al di là della creduloneria della gente, forse ha colpito gli italiani (e ancora di più le italiane) che qualcuno chiedesse pubblicamente scusa.|Una cosa inaudita che non si era mai vista prima.|Avete mai trovato imprenditori, politici, truffatori di ogni tipo, mafiosi, pedofili, assassini, brigatisti, ecc. che abbiano chiesto scusa alle loro vittime o ai famigliari?|Io no, anzi, c'è gente che, una volta accusata e condannata, ha condannato e accusato a sua volta i giudici di ""persecuzione""!|Quindi il fattore ""sorpresa"" ha un suo perché.|Per quanto riguarda me, trovo tutta la vicenda penosa, così c|(altro)",Giuseppe Cerri,2023-12-23 00:00:00,Quora
"La gente ha perdonato Chiara Ferragni per il caso del Pandoro della Balocco e delle uova di Pasqua. Anzi, il suo business è aumentato, con un aumento delle vendite dei marchi da lei sponsorizzati. Ma cosa succede nella mente degli italiani?","sinceramente non mi importa , penso sia una bufala x fare pubblicità sia a Balocco , che alla famiglia Ferragni , poi non capisco una cosa , la ditta Balocco , paga x avere la ferragni come immagine , 1 milione e 200 mila euro , e poi da in beneficienza solo 36 mila euro !!!|Mah non conveniva dare 900mila euro in beneficenza , e 300 mila alla ferragni ,!!! la spesa era esattamente la stessa , e se la ferragni , avesse donato una parte ipotesi 150 mila in beneficenza , e lo avesse pubblicato , dicendo io ho avuto il mio compenso concordato ,( che e giusto che incassi per il suo lavoro ) e ho dev|(altro)",Max Barzaghi,2023-12-21 00:00:00,Quora
"La gente ha perdonato Chiara Ferragni per il caso del Pandoro della Balocco e delle uova di Pasqua. Anzi, il suo business è aumentato, con un aumento delle vendite dei marchi da lei sponsorizzati. Ma cosa succede nella mente degli italiani?","Mah non conveniva dare 900mila euro in beneficenza , e 300 mila alla ferragni ,!!! la spesa era esattamente la stessa , e se la ferragni , avesse donato una parte ipotesi 150 mila in beneficenza , e lo avesse pubblicato , dicendo io ho avuto il mio compenso concordato ,( che e giusto che incassi per il suo lavoro ) e ho dev",Mauro,2023-12-23 00:00:00,Quora
"La gente ha perdonato Chiara Ferragni per il caso del Pandoro della Balocco e delle uova di Pasqua. Anzi, il suo business è aumentato, con un aumento delle vendite dei marchi da lei sponsorizzati. Ma cosa succede nella mente degli italiani?","Non so. Io però sono un po' scettico rispetto a quanto si dice in giro.|Ad esempio: siamo sicuri che C. Ferragni abbia veramente tutto questo seguito?|Perché mi pare impossibile che su centinaia di persone che incontro ogni giorno e parlo di C. Ferragni, il 30% dichiara che non sa chi è, il 65,% dichiara di sapere chi è senza conoscere altro di lei e solo meno del 5% dice di seguirla anche piuttosto saltuariamente.|Dove sono tutti sti follower? Virtuali?",Maurizio Carnazzo,2023-12-21 00:00:00,Quora
"La gente ha perdonato Chiara Ferragni per il caso del Pandoro della Balocco e delle uova di Pasqua. Anzi, il suo business è aumentato, con un aumento delle vendite dei marchi da lei sponsorizzati. Ma cosa succede nella mente degli italiani?",Dove sono tutti sti follower? Virtuali?,Sergio Malinverno,2023-12-21 00:00:00,Quora
"La gente ha perdonato Chiara Ferragni per il caso del Pandoro della Balocco e delle uova di Pasqua. Anzi, il suo business è aumentato, con un aumento delle vendite dei marchi da lei sponsorizzati. Ma cosa succede nella mente degli italiani?","Succede che un presidente del consiglio attacca una cittadina e così le fa aumentare gli affari. Attacca per non parlare dei problemi veri: bollette in aumeto, costo della vita altissimo, stipendi da fame per tanti e guadagni lauti per pochi, sanità allo sbando a causa dei soldi che lo stato da alla sanità privata, la scuola in degrado incredibile, il parlamento esautorato da questo stesso presidente del consiglio, che è donna, ma Donna non è: si tratta di una sanguisuga; mantenuta dai cittadini onesti e a reddito fisso da oltre 20 anni, che guadagna circa 13.971,35 al mese, senza mettere tutt|(altro)",Radiosilenzio,2023-12-21 00:00:00,Quora
"La gente ha perdonato Chiara Ferragni per il caso del Pandoro della Balocco e delle uova di Pasqua. Anzi, il suo business è aumentato, con un aumento delle vendite dei marchi da lei sponsorizzati. Ma cosa succede nella mente degli italiani?","La sceneggiata melodrammatica recitata dalla signora Lucia mi ricorda molto quella di Amanda Knox: capelli raccolti dietro la nuca per dare un'aria dimessa, il colorr grigio scelto armocromicamente per trasmettere un senso di contrizione e di pentimento, lacrima facile modalità ""coccodrillo"".",Maurizio D'Agostino,2023-12-22 00:00:00,Quora
"La gente ha perdonato Chiara Ferragni per il caso del Pandoro della Balocco e delle uova di Pasqua. Anzi, il suo business è aumentato, con un aumento delle vendite dei marchi da lei sponsorizzati. Ma cosa succede nella mente degli italiani?","Sospetto che tutto questo sia stato fatto per ""pubblicità"" , la gente oggi spesso si fa ""fregare"" da questi influencer rappresentanti di una società ipocrita e ambigua, basata solo sull'immagine, ma sotto il vestito NIENTE",Francesco Parma,2023-12-21 00:00:00,Quora
"La gente ha perdonato Chiara Ferragni per il caso del Pandoro della Balocco e delle uova di Pasqua. Anzi, il suo business è aumentato, con un aumento delle vendite dei marchi da lei sponsorizzati. Ma cosa succede nella mente degli italiani?","Ma anche no! Intanto Safilo ha recesso dal contratto di sponsorizzazione, poi vedremo.|E ci mancherebbe altro!||",Carlo Vianelli,2023-12-22 00:00:00,Quora
"La gente ha perdonato Chiara Ferragni per il caso del Pandoro della Balocco e delle uova di Pasqua. Anzi, il suo business è aumentato, con un aumento delle vendite dei marchi da lei sponsorizzati. Ma cosa succede nella mente degli italiani?","Veramente la SAFILO ha stracciato il contratto,e la GDF oggi ha requisito un po di fogliame, cartaceo,io questo aumento non lo vedo,anzi,è stata una pessima trovata che gli si contorcera' contro.",AM.....ra,2023-12-21 00:00:00,Quora
"La gente ha perdonato Chiara Ferragni per il caso del Pandoro della Balocco e delle uova di Pasqua. Anzi, il suo business è aumentato, con un aumento delle vendite dei marchi da lei sponsorizzati. Ma cosa succede nella mente degli italiani?",Siamo sicuri che sia vero ? Non ci credo .|Ho visto diverse domande come questa .,Edoardo M.,2023-12-22 00:00:00,Quora
"La gente ha perdonato Chiara Ferragni per il caso del Pandoro della Balocco e delle uova di Pasqua. Anzi, il suo business è aumentato, con un aumento delle vendite dei marchi da lei sponsorizzati. Ma cosa succede nella mente degli italiani?",Vanno controcorrente.,Vincenzo Lomuscio,2023-12-21 00:00:00,Quora
"La gente ha perdonato Chiara Ferragni per il caso del Pandoro della Balocco e delle uova di Pasqua. Anzi, il suo business è aumentato, con un aumento delle vendite dei marchi da lei sponsorizzati. Ma cosa succede nella mente degli italiani?","Se è vero( e purtroppo non ho ragione di dubitare) dimostra la stupidità, l'imbecillità, della gente. Ma è possibile che una tizia che ha fatto quello che pare assodato di sbagliato ( a dir nulla) venga perdonata. Ormai il mondo gira alla rovescia. Infatti io non mi ci trovo",Anselmo Bertoni,2023-12-23 00:00:00,Quora
"La gente ha perdonato Chiara Ferragni per il caso del Pandoro della Balocco e delle uova di Pasqua. Anzi, il suo business è aumentato, con un aumento delle vendite dei marchi da lei sponsorizzati. Ma cosa succede nella mente degli italiani?","O Signur, guarda gio'!",Laura Folli,2023-12-26 00:00:00,Quora
"La gente ha perdonato Chiara Ferragni per il caso del Pandoro della Balocco e delle uova di Pasqua. Anzi, il suo business è aumentato, con un aumento delle vendite dei marchi da lei sponsorizzati. Ma cosa succede nella mente degli italiani?",Gente malata. Come chi ha come idolo Fabrizio Corona,Corrado Rosselli,2023-12-21 00:00:00,Quora
"La gente ha perdonato Chiara Ferragni per il caso del Pandoro della Balocco e delle uova di Pasqua. Anzi, il suo business è aumentato, con un aumento delle vendite dei marchi da lei sponsorizzati. Ma cosa succede nella mente degli italiani?","Si formano cumuli di merda.|Ma nn nella testa di tutti gli italiani, solo di quelli che comprano quei prodotti.",Alessandro Demontis,2023-12-21 00:00:00,Quora
"La gente ha perdonato Chiara Ferragni per il caso del Pandoro della Balocco e delle uova di Pasqua. Anzi, il suo business è aumentato, con un aumento delle vendite dei marchi da lei sponsorizzati. Ma cosa succede nella mente degli italiani?","Forse che hanno capito che in questi due casi il gioco non lo gudava la signora Ferragni ma i titolari dei prodotti! La Ferragni ha messo il suo viso e la sua popolarità per la vendita del prodotto!Nella sua schiettezza, sono sicuro, siè fidata troppo della proposta dei produttori dewi vari prodotti non tenendo conto che questi giocavano sporco1 E' ovvio che se vuoi vendere un prodotto racconti che lo fai per fare del bene e lo propone una persona che ha milioni di persone che l'hanno in simpatia il prodotto si vende e se dici che per fare questo il, diciamo, 5% del ricavato verrà devoluto in|(altro)",Roberto Valentini,2023-12-21 00:00:00,Quora
"La gente ha perdonato Chiara Ferragni per il caso del Pandoro della Balocco e delle uova di Pasqua. Anzi, il suo business è aumentato, con un aumento delle vendite dei marchi da lei sponsorizzati. Ma cosa succede nella mente degli italiani?","Non è affetto vero che CF sia stata perdonata.|Secondo le statistiche dal 18 dicembre ad oggi ha perso circa 90k followers, un'inezia per chi vanta quasi 30mln di seguaci, ma pur sempre il dato storicamente più negativo.|Safilo ha interrotto una collaborazione pluriennale onde evitare l'eco delle ripercussioni negative legate al suo tracollo.|Infine verrà presentata a breve, se non oggi, una mozione per togliere l'Ambrogino d'oro a lei e suo marito.|Oltre il passo falso, una scelta di presentare scuse pubbliche del tutto incoerente, visto che in ogni caso presenterà ricorso all'Antitrust.|Chiedere|(altro)",Antonio Sella,2023-12-22 00:00:00,Quora
Che cosa avrebbe dovuto rispondere la Ferragni nel caso Balocco?,Lo stigma peggiore lo porteranno i suoi seguaci: quello dell'imbecillità.,Giorgio De Vita,2024-01-17 00:00:00,Quora
Che cosa avrebbe dovuto rispondere la Ferragni nel caso Balocco?|Che cosa avrebbe dovuto rispondere la Ferragni nel caso Balocco?|Che cosa avrebbe dovuto rispondere la Ferragni nel caso Balocco?|Che cosa avrebbe dovuto rispondere la Ferragni nel caso Balocco?|Che cosa avrebbe dovuto rispondere la Ferragni nel caso Balocco?|Che cosa avrebbe dovuto rispondere la Ferragni nel caso Balocco?,"""Insomma, sei ricca, ma evide",Alessandro Prex,2023-12-16 00:00:00,Quora
Che cosa avrebbe dovuto rispondere la Ferragni nel caso Balocco?,"Costoro, e tutti i loro compagni di merende operanti in politica, hanno il potere di autoassolversi da tutti i peccati. Non si chiederanno le dimissioni di nessuno, nessuno scenderà in piazza a spaccare vetrine, niente! Ma ormai ci siamo abituati, a questo comportamento dei più bravi della classe, che danno lezioni a destra e manca. Mi dispiace soltanto per il signor Balocco. Anzi, nemmeno tanto, visto che ha abboccato pure lui alla Ferragni. Se ne poteva scegliere una più seria. Che ne so? Marisa Laurito, tanto per dirne una …!",Roberto Zac,2023-12-16 00:00:00,Quora
Che cosa avrebbe dovuto rispondere la Ferragni nel caso Balocco?|Che cosa avrebbe dovuto rispondere la Ferragni nel caso Balocco?,"Spero proprio di sì. Ci sono veramente poche cose al mondo ignobili come guadagnare dei soldi sulla sofferenza dei bambini. La Ferragni ha due bambini che godono di ottima salute e non può nemmeno immaginare cosa significa avere un bambino malato in ospedale. Un bambino che non può giocare, non può andare a scuola, non può stare con i suoi amichetti, a volte non può nemmeno vedere i suoi familiari perché è troppo debole e potrebbero, non volendo, trasmettergli un banale virus che può essergli letale. Sono situazioni che possono durare giorni, settimane, mesi o addirittura anni, un'intera infan",Raimondo Nocco,2023-12-16 00:00:00,Quora
Che cosa avrebbe dovuto rispondere la Ferragni nel caso Balocco?,"Sai a me essendo della generazione del 64 non mi hanno mai attirato, e questo sembra sia normale. Dipende, perché a volte la gente compreso anche me, diciamo tutti a secondo dei casi, hanno la memoria del pesciolino, spero tanto di no.",Massimiliano Domanico,2023-12-17 00:00:00,Quora
Che cosa avrebbe dovuto rispondere la Ferragni nel caso Balocco?,"Indipendentemente dal fatto che sia una truffa o meno ,già la TUA scrittura è un ' inno alla pubblicità sia del panettone che del personaggio !!! Insomma tutto l' incontrario di ciò che avrebbe provocato un silenzio sulla vicenda e lasciando parlare i tribunali !!!",Lino Messina,2023-12-16 00:00:00,Quora
Che cosa avrebbe dovuto rispondere la Ferragni nel caso Balocco?|Che cosa avrebbe dovuto rispondere la Ferragni nel caso Balocco?,Malgrado (soprattutto) l'evidenza…,Roberto Rovida,2023-12-16 00:00:00,Quora
Che cosa avrebbe dovuto rispondere la Ferragni nel caso Balocco?|Che cosa avrebbe dovuto rispondere la Ferragni nel caso Balocco?|Che cosa avrebbe dovuto rispondere la Ferragni nel caso Balocco?|Che cosa avrebbe dovuto rispondere la Ferragni nel caso Balocco?,"L'antitrust sente puzza di bruciato, indaga e rif",Marco Marastoni,2023-12-19 00:00:00,Quora
Che cosa avrebbe dovuto rispondere la Ferragni nel caso Balocco?,La Ferragna dovrebbe solo tacere ed essere presa a calci in culo . Bella figura di merda! Truffare i bambini ammalati !!,Maria Grazia Cocito,2023-12-16 00:00:00,Quora
Che cosa avrebbe dovuto rispondere la Ferragni nel caso Balocco?|Che cosa avrebbe dovuto rispondere la Ferragni nel caso Balocco?,Ma secondo me la multa avrebbe dovuto superare l'incasso.,Silvana De Luca,2023-12-16 00:00:00,Quora
Che cosa avrebbe dovuto rispondere la Ferragni nel caso Balocco?,News fresca .. codacons presenta denuncia a 104 procure… rovinata??,Paolo Castellano,2023-12-18 00:00:00,Quora
Che cosa avrebbe dovuto rispondere la Ferragni nel caso Balocco?,Bah. la gente dimentica in fretta….,Giovanna Serenelli,2024-01-18 00:00:00,Quora
Che cosa avrebbe dovuto rispondere la Ferragni nel caso Balocco?|Che cosa avrebbe dovuto rispondere la Ferragni nel caso Balocco?|Che cosa avrebbe dovuto rispondere la Ferragni nel caso Balocco?,2 Non penso proprio.,Giuseppe Ganci,2023-12-16 00:00:00,Quora
Che cosa avrebbe dovuto rispondere la Ferragni nel caso Balocco?,se lo meriterebbe proprio,Elena Laura,2023-12-16 00:00:00,Quora
Che cosa avrebbe dovuto rispondere la Ferragni nel caso Balocco?,"Da cio' che ho letto, la Balocco mi sembra piu' parte lesa che complice nella truffa. Ma vediamo cosa decideranno i giudici.",Vincenzo Greco,2024-02-27 00:00:00,Quora
Che cosa avrebbe dovuto rispondere la Ferragni nel caso Balocco?,La Ferragni in galera e nessuno compri i prodotti Balocco!,Claudio Erroi,2024-02-27 00:00:00,Quora
Che cosa avrebbe dovuto rispondere la Ferragni nel caso Balocco?,"Balocco è pure un marchio italiano.Questa storia montata per farla fuori.Anni fa feci un video fetish,l'hanno visto in tanti,mi avrebbero fatto a pezzettini in una clinica come l'Italia.Pensate al Vaticano e le associazioni.Un'organizzazione che si chiama mafia,non dicono dove sta.",Caccoloso 50,2024-02-25 00:00:00,Quora
